scenario_id,replication,random_seed,truck_count,total_tonnes_delivered,tonnes_per_hour,average_truck_cycle_time_min,average_truck_utilisation,crusher_utilisation,average_loader_queue_time_min,average_crusher_queue_time_min,average_road_queue_time_min,completed_cycles,loader_utilisation_L_N,loader_queue_time_L_N_min,loader_utilisation_L_S,loader_queue_time_L_S_min,road_utilisation_road__colon__CRUSH__dash__J4,road_queue_time_road__colon__CRUSH__dash__J4_min,road_utilisation_road__colon__J2__dash__J3,road_queue_time_road__colon__J2__dash__J3_min,road_utilisation_road__colon__J5__dash__LOAD__underscore__N,road_queue_time_road__colon__J5__dash__LOAD__underscore__N_min,road_utilisation_road__colon__J6__dash__LOAD__underscore__S,road_queue_time_road__colon__J6__dash__LOAD__underscore__S_min
baseline,1,12345,8,11800.0,1475.0,31.527379438107392,0.7100210883072144,0.8994964757779836,1.653179810975103,3.8247189176107814,0.9208892108162411,118,0.37293335522444815,1.2336710568216753,0.8670325033420118,1.7768244964097974,0.727468047280848,0.45152502851956194,0.054021560831727,11.090916540456439,0.2551596570771003,0.07438556794777718,0.8628247954899468,1.3301137410800412
baseline,2,12346,8,12100.0,1512.5,30.672115683117326,0.7348065796860664,0.8658553311176811,2.4459273660161327,2.078406314658713,0.8974909438751608,121,0.48569285475928436,2.5314635855060055,0.8474860179448119,2.4120888616025566,0.7534163883026141,0.6417039433155317,0.054926850214753624,11.194236271945195,0.32946125879908755,0.13633817411287077,0.8199526816307989,1.0889253665942493
baseline,3,12347,8,12000.0,1500.0,30.97382777002499,0.7371281484082128,0.8959114155532585,2.475251307775176,2.5296642439854575,0.7817273308064331,120,0.4577435078425841,2.1390124031650166,0.8897191570747492,2.600879030376774,0.7394176436269502,0.5691833378644667,0.05119713368711492,10.287476330017842,0.3171562414990402,0.1470961594686547,0.8192527420969515,0.8871075787216601
baseline,4,12348,8,12200.0,1525.0,30.46529958245802,0.7469063594368424,0.8884504184725124,2.402967265304189,1.72591836487492,0.8875403770619955,122,0.49694749889310086,2.530896372527977,0.885340140865593,2.3537637625258094,0.7534289115999937,0.6008484463282155,0.05468406432125819,11.182751522999657,0.32510289923227714,0.1419477752667535,0.8210072804080006,1.1133733469546916
baseline,5,12349,8,12400.0,1550.0,30.057047581298235,0.7486598855027431,0.9042046861488101,1.818200141852999,2.228177075973364,0.8756039405951348,124,0.4463083904896009,1.1810143260173986,0.8861945474033601,2.046245591731003,0.7618644947679291,0.5362056599794457,0.05291149132970081,10.588819829207125,0.3070614959414077,0.10435012378435088,0.8559714669307846,1.189230796322291
baseline,6,12350,8,12200.0,1525.0,30.404204327032577,0.7451465487101808,0.8840518055059993,2.138306857620064,2.0661821436065897,0.871398900152352,122,0.4602413242803936,1.381222134789156,0.8860576435748745,2.4150905197302883,0.7598622713199422,0.5847859384448172,0.05033168880625621,10.143741946364672,0.31342290607732953,0.13704971905992872,0.845375959388479,1.1203315284215893
baseline,7,12351,8,12200.0,1525.0,30.592368914123853,0.7395810058749902,0.8896600263714268,2.1346010979650214,2.3953946662667427,0.8560751048473715,122,0.4823456182392477,2.152425213863665,0.8624032281227526,2.127820184307929,0.7423327693650718,0.49332669825596753,0.05735416658114605,11.920198718932426,0.3047161755438082,0.08368968189534857,0.8383812532659911,1.1476781748794536
baseline,8,12352,8,12000.0,1500.0,31.05783782658005,0.725527475419324,0.9030847251194694,1.9158585562707091,2.9262040881113047,0.9177494304580315,120,0.41327209199042547,1.7109997321810864,0.8802997932457288,1.982707225184165,0.7289354520694303,0.521065592958715,0.05211059301058896,10.608226975871194,0.28034247248040245,0.10894327961399539,0.854634281025798,1.2744381059898628
baseline,9,12353,8,12400.0,1550.0,30.081427839559726,0.7481887929661072,0.8968138007494948,2.121758993954734,2.0488962163716384,0.8468385384473277,124,0.470657413429117,1.5397418723618346,0.8739839559511088,2.3384674966754946,0.7585126645234327,0.5213925461978818,0.052846153079563404,10.921674225163626,0.31709129663758184,0.1452058908010169,0.8480607531851813,1.110411154998516
baseline,10,12354,8,12100.0,1512.5,30.483942411394416,0.7437406902521304,0.8841907045217013,1.9688935572290236,2.208718848606702,0.9098352489470702,121,0.49870592417862214,1.3018031214569874,0.8459118349342364,2.2199490975733385,0.7542115670813401,0.5388135146408582,0.05398388677769126,10.891992582740219,0.31890735085610766,0.1175036063870882,0.8435051649390634,1.2693286609139647
baseline,11,12355,8,12100.0,1512.5,30.76592786885019,0.7422461959658566,0.9040738752131554,2.1653371929238836,2.5782524789358288,0.7961423776074485,121,0.5054958761100207,1.8163690766395746,0.8331921168327094,2.3160279704102895,0.7437208223382654,0.4939090225212841,0.052368380792977634,10.427216830075643,0.3524595304909934,0.10494898296389665,0.7822262102047348,1.0758414742789741
baseline,12,12356,8,12200.0,1525.0,30.394766375934438,0.7371086831739837,0.8859337495592204,1.6238808875756894,2.2228870225366726,1.01545448916228,122,0.4302297886711036,1.1649082294050375,0.8704006426177247,1.7833134951507579,0.7636840210330761,0.5481669351926087,0.052611495720811655,10.99183363845825,0.3020079069378597,0.10513003685813657,0.8628114551043055,1.5169364046961975
baseline,13,12357,8,12300.0,1537.5,30.331199434417663,0.7435050252462113,0.8794987863759428,2.3049569594913835,1.940884932880513,0.873859727065635,123,0.4762908619877109,1.7653651074283767,0.8588792702576485,2.5161015972551684,0.752683793848213,0.603855786449763,0.05274229783441,10.600051595352546,0.3288599622412078,0.11877358618178166,0.8346646274590951,1.105008691007227
baseline,14,12358,8,12100.0,1512.5,30.367709940441355,0.7337127513327557,0.8622138029117904,2.014545588589648,1.7264358779258664,1.084424905534978,121,0.4114193587119525,1.8577597247779187,0.9135004602898257,2.066807543193558,0.7512248927082428,0.5163068103012214,0.05413288021984266,11.280278443289786,0.2888086420640697,0.1690898313776665,0.8796589875426638,1.68177316824038
baseline,15,12359,8,12100.0,1512.5,30.758409365388836,0.7349312630199321,0.8712898537290402,2.3743853565069424,2.2310470265644855,0.8799839383214808,121,0.4586039142090021,2.134382084000071,0.9014762173669021,2.4560885982114096,0.7470672956489055,0.6110673286244356,0.053489620574106646,10.81756885749041,0.29862041042247883,0.1270724064229337,0.8432083363165329,1.065012163728056
baseline,16,12360,8,12100.0,1512.5,30.585356002374255,0.7359946428647552,0.8878044055856158,2.222782398108932,2.476064816355689,0.84300579269133,121,0.4501933211484627,1.5592399945977127,0.8740163177003004,2.468004590710904,0.7463855702511242,0.5660979604667559,0.05049792074838286,10.614882705892208,0.30855711285470266,0.12935935431680246,0.8307060709633984,1.0479704065651514
baseline,17,12361,8,12100.0,1512.5,30.831814127293406,0.7206473426798463,0.8861583707461101,2.1472347678804455,2.391683263979936,1.006054535553522,121,0.409695992758448,2.919019246283502,0.8814580454184309,1.9267249169081435,0.7410429196853703,0.5041119235132777,0.050466331933135336,10.153717607725488,0.2554773578395872,0.07690726196177877,0.8860741129339059,1.5204575838675083
baseline,18,12362,8,12100.0,1512.5,30.547621793812777,0.737381287689926,0.9024043554575465,1.9097947008664744,2.77102083694325,0.8171784299952909,121,0.44150677171129976,1.878847294650753,0.8915417704680131,1.9201105029383818,0.7447952813846971,0.5202328776613923,0.05271118435215463,10.752228747890825,0.28247295086917,0.053275445118889216,0.8699488232059508,1.0327885645049482
baseline,19,12363,8,12200.0,1525.0,30.392877647779546,0.7395404027882266,0.887835866832086,2.3437094594855825,2.4597060035542104,0.7750637148674543,122,0.46231585494102045,2.233894315330785,0.8658158567867477,2.383011721604141,0.7457137434011202,0.46994397627536777,0.05357199502926104,10.863486720871833,0.30172529188219016,0.06327648108778645,0.8593588501847579,0.997507187401084
baseline,20,12364,8,12200.0,1525.0,30.39554182652322,0.739528998952936,0.8765959300621552,2.4550848138314434,2.1826214335162186,0.8178762969965775,122,0.46990202191867103,2.193844064441665,0.8754378359864794,2.5534012248921125,0.7477849664560929,0.4498028043172654,0.0530272782965564,11.24785680139286,0.3136753500412289,0.06035359179328994,0.8489580829012565,1.1370983498082299
baseline,21,12365,8,12100.0,1512.5,30.634814672867368,0.7337904459961145,0.8515667699184089,2.0723802680528745,1.7927490869517748,1.0565107579544317,121,0.4628491768980796,2.20346713330729,0.8660092365630063,2.026360411101856,0.7543558054154627,0.6031361137821545,0.054724457567384165,10.660047680871223,0.29535542427853845,0.1703976339972051,0.8454230176060434,1.547665011944236
baseline,22,12366,8,12100.0,1512.5,30.639063181371984,0.7384403003962778,0.8907534362421796,2.118233085214343,2.335457795924874,0.8907313936712707,121,0.45906579631850897,2.0462014880749635,0.8787478139922233,2.14563641021302,0.7405108738138082,0.5965119616311696,0.05557245581275632,11.23074281807665,0.3179787824778332,0.0763929507706516,0.830122282008786,1.1367031468380338
baseline,23,12367,8,12200.0,1525.0,30.643306179471264,0.7332137137226308,0.8913429603192609,2.225241505707357,2.3571914285692293,0.8835571157520242,122,0.44410548486711643,2.1548852549814064,0.8613997514670182,2.250206626932694,0.7501032129411414,0.534627874861417,0.0523539534666031,10.987911385653756,0.3036334720518935,0.11825515662529852,0.8436504611384805,1.1833547198897894
baseline,24,12368,8,12300.0,1537.5,30.285878837219215,0.7534451838229139,0.8866491898152963,2.2382386858971035,1.7697938477825732,0.8571220418989298,123,0.5081841913504089,1.8002174795465664,0.8626704243440345,2.4163352203473223,0.7692536938716196,0.5716265192313849,0.056580171243976615,11.608703754042626,0.3438340253094138,0.14036518345963023,0.8190353054435339,1.0649805223874447
baseline,25,12369,8,11800.0,1475.0,31.571564158608233,0.7171216827490305,0.8927550779875594,2.075823167602269,3.0404837624875203,0.9463126439136322,118,0.4142309683450184,1.9120925140083866,0.8998894888392531,2.12807763151521,0.7226365573650043,0.45398505724699767,0.05732357760479643,11.263787901766925,0.2731192165907483,0.13759929474920382,0.8321283913474554,1.3910022937195061
baseline,26,12370,8,12000.0,1500.0,30.963691415094285,0.7340918748269621,0.8829826040290192,2.2790845680062284,2.232425030551456,0.9329155735832475,120,0.4531740187273898,1.661616479348704,0.886327193853891,2.5097869308013476,0.7440837259583323,0.5319600913731171,0.050886689189891914,10.806904327350082,0.3088459205640704,0.10945768919357433,0.8301740785634558,1.337495229193163
baseline,27,12371,8,12300.0,1537.5,30.370548422255343,0.7376237668299475,0.9029373858738943,2.0514027268899495,2.55755691071619,0.8241260542989002,123,0.4549961474826425,2.7856132012297046,0.8535843308810193,1.7829816932603615,0.7541544177114508,0.5669603215356541,0.05089245867000702,10.186111809235525,0.30317656550346583,0.05466058545336387,0.8408412511235644,1.0389829332597547
baseline,28,12372,8,11900.0,1487.5,31.260297073039286,0.7048809046911051,0.8807495786111071,1.9116488653775026,2.3533759939043892,1.2424428928745883,119,0.3383495318603954,1.68253151823102,0.8991312233501753,1.9724351003347325,0.733408433105872,0.48933770130596255,0.051085490336011924,10.52410627963027,0.23089773522581167,0.11125652337472271,0.8915091147172111,2.0762660486671862
baseline,29,12373,8,12100.0,1512.5,30.674985964838626,0.7344239393218008,0.9277179252398313,1.9708532933795342,2.738139026631121,0.8544055646973903,121,0.44654580450277187,1.907274150028089,0.8394652452329289,1.9940972812714601,0.7405109753027158,0.48751322412297926,0.053356064466351265,11.46597408105453,0.30448931054752326,0.08643048763609987,0.8406168352490777,1.1579023683155625
baseline,30,12374,8,12200.0,1525.0,30.481644114145194,0.7420249011534934,0.9048967169252609,2.0456381841855187,2.4007048532054376,0.8498743473066621,122,0.4500704143655411,1.2717046252703579,0.8790404919836217,2.3255715991122785,0.7514608415796412,0.568471934161958,0.0519998869161195,10.454694611429996,0.31482833115100123,0.1334322459734252,0.8396508826246548,1.0681796521094746
trucks_4,1,12345,4,7900.0,987.5,23.88297693625722,0.8957334963444784,0.5789989413684448,0.8769082664856657,0.24535955506562052,0.3379616417402102,79,0.09540288428554912,0.0,0.6944638288444803,0.9730078025388893,0.484505514466876,0.15327690790438203,0.027734565559919076,4.596213323616595,0.07362459491929571,0.0,0.6557807521760626,0.45819840534568057
trucks_4,2,12346,4,7700.0,962.5,24.008761648179842,0.89668777195636,0.5569291833696124,0.7272015980902781,0.27312992130327185,0.36749323966451203,77,0.12160213173807656,0.0,0.6901766770643257,0.8193820823552429,0.47216481683443395,0.22338740655841777,0.02738014932516565,5.340017661872292,0.08129862263333905,0.0,0.6533058492909106,0.4328736342294554
trucks_4,3,12347,4,7800.0,975.0,23.855579971782447,0.9002337285338818,0.5869207965488664,0.7427052152202598,0.18391963991898397,0.36042827394422566,78,0.10898709209474264,0.0,0.6817526371564863,0.824097567573165,0.4857257993212892,0.2608619355743839,0.02606004719001544,4.764448198193579,0.07244838012597327,0.0,0.6653149219401627,0.3870190557835763
trucks_4,4,12348,4,7900.0,987.5,23.60121239998638,0.9073969607121413,0.5948176984997586,0.5115507250762427,0.23638111420784613,0.35622003520127565,79,0.11572475347426478,0.0,0.6671100195409062,0.5668535061655662,0.48824441550336306,0.2401371186498105,0.023984598779238576,3.998703148540421,0.07194864259729954,0.0,0.6742126211891069,0.4209955206171323
trucks_4,5,12349,4,7800.0,975.0,24.214946870720937,0.8893968867278828,0.5577758496466304,0.8436059710984953,0.315539551028409,0.37481836019794085,78,0.13011015479290905,0.0,0.6541490845586801,0.9505419392659101,0.47481683325855745,0.2646988428631843,0.025657133687061753,4.576129573476919,0.08226663780785076,0.0,0.6386794789059629,0.42609672794264863
trucks_4,6,12350,4,7900.0,987.5,23.724640728229375,0.9086288005209872,0.5713024934353377,0.6337677835893292,0.30688762976129663,0.30435466869397965,79,0.13720595855482862,0.3426888376982269,0.6690079335594444,0.6788645216851337,0.4836184036301958,0.16669243452758814,0.026326914386460554,4.768079800152045,0.10132947120945159,0.0,0.6357332146514143,0.38044826740243043
trucks_4,7,12351,4,7800.0,975.0,23.995195924110842,0.8931452506657407,0.5690804059641779,0.7724403471508494,0.24659552183588168,0.3823366595575299,78,0.08258582057374794,0.0,0.7215458125723007,0.8342355749229173,0.48279585287628934,0.18756111317608948,0.025245960018358916,4.2034243686615795,0.05519598107839784,0.0,0.6780484138585018,0.5157826317733708
trucks_4,8,12352,4,7800.0,975.0,23.998613001588417,0.8866531798724897,0.5614478805540488,0.7619027896827243,0.27717370508126826,0.4157653860191332,78,0.08000252921077206,0.0,0.7093157253973078,0.8228550128573423,0.4820254821882603,0.2516290425704369,0.02610034433321775,4.492322416887587,0.05563599785164198,0.0,0.6815285681563084,0.5121144688871406
trucks_4,9,12353,4,7800.0,975.0,24.064114761660356,0.8947981283120912,0.5614452976339431,0.5931324992755622,0.2987146930290508,0.4060604375394687,78,0.11363735956887604,0.0,0.7004937308657979,0.65813332111398,0.4815240125632079,0.2059644212562696,0.02728936847315022,4.688036400516722,0.06633439703898582,0.0,0.6656835507867288,0.5465989014542637
trucks_4,10,12354,4,7900.0,987.5,23.821642289749693,0.9027513003516983,0.5629485681187327,0.786993412945534,0.2066653675287372,0.3261736233492289,79,0.11594792337343841,0.0,0.6902943412143394,0.8853675895637259,0.48183606236181736,0.20132926980534982,0.026415427963986306,4.388615975153712,0.08217163053003798,0.0,0.6471572167658637,0.3910817044117364
trucks_4,11,12355,4,7900.0,987.5,23.84249214341773,0.8933486083190328,0.5701545559431842,0.6044215843385315,0.3860353018713988,0.38144796549035787,79,0.0894272645876922,0.0,0.6935854260340923,0.6615965990732575,0.48334076885930577,0.1880077047477786,0.02664771240408257,4.9480499801843125,0.0690984462710049,0.0,0.6637922739497009,0.5019267824914341
trucks_4,12,12356,4,7800.0,975.0,23.8303193758033,0.9069047370094693,0.5822314707913986,0.8002532807580846,0.2633958157831619,0.28491934096538996,78,0.11218178220472226,0.3757853378486857,0.6885411052545257,0.859207161717723,0.47873919747804455,0.1710425319068481,0.026706756515746156,4.443791505892599,0.09090542323573102,0.0,0.641528838513522,0.3311459926377832
trucks_4,13,12357,4,7700.0,962.5,23.901096152605508,0.8987406938624862,0.5850910493574777,0.6789163410752457,0.31062942466994947,0.3525860757356592,77,0.10926955584994553,0.0,0.6791073368803606,0.7637808837096514,0.4772099557796018,0.23292304570050204,0.026156531985672932,4.406726101931174,0.08473622902369478,0.0,0.6393547648812796,0.41367928367971696
trucks_4,14,12358,4,8000.0,1000.0,23.543106793752678,0.8933896781338813,0.5578379898627116,0.8307090975001413,0.22423021061284917,0.3577001415640467,80,0.07519290167431497,0.0,0.7082280910116514,0.8962913946712053,0.48874781927001526,0.18044585622855114,0.027465295978735867,4.5888848634421695,0.0556399491984473,0.0,0.691210555114726,0.4611761183070425
trucks_4,15,12359,4,8100.0,1012.5,23.208741131495884,0.907749240675875,0.6289089640973278,0.46191560948481214,0.1542455981693777,0.3775716761485138,81,0.04166806401530856,0.0,0.727302230396919,0.47923744484049263,0.4944512939095032,0.18541749569423124,0.027651103060281228,4.749857808402628,0.02807245459234077,0.0,0.7279720081238633,0.47636212808310013
trucks_4,16,12360,4,7900.0,987.5,23.842978201480705,0.8962679438966437,0.5595927169156797,0.8271752473812986,0.318197904335261,0.3289220408251719,79,0.10533887146184574,0.0,0.6870236775136285,0.917824589560071,0.48396873082379543,0.19248549329007225,0.027072917474593484,4.9460417223360125,0.07678067850721337,0.0,0.6634490092572274,0.3861223725902756
trucks_4,17,12361,4,7900.0,987.5,23.84070635859714,0.8976998106610635,0.5744685735191255,0.9215090740642687,0.3530275495665584,0.28696957144560625,79,0.13656599351995938,0.0,0.6433491688172145,1.0512990844958556,0.4836690338569527,0.19957561962258344,0.02543367258674028,4.57137700694555,0.09014304528558287,0.0,0.6412933992415268,0.30394144521285943
trucks_4,18,12362,4,7900.0,987.5,23.84272170613724,0.9003641944829534,0.5784214573468761,0.6594084160002776,0.27297055878162374,0.35892394702851366,79,0.10993210297252551,0.0,0.68846133306679,0.7418344680003123,0.4863014052950079,0.21148425974093904,0.026044569756184244,4.620776801159316,0.08238167762984845,0.0,0.6495538276807186,0.4471787402328666
trucks_4,19,12363,4,7900.0,987.5,23.653835064889105,0.8948479449194955,0.5597910552057707,0.7549374506091893,0.17762377338817212,0.3858195488759549,79,0.09700636598885222,0.0,0.6878072971184394,0.8253982793327135,0.48689804061463904,0.17772022930102938,0.02491741210581575,4.44605493040902,0.06242177191456092,0.0,0.6767561158361575,0.5351371594165205
trucks_4,20,12364,4,7800.0,975.0,23.95383426051663,0.9055273782148766,0.5597075616908584,0.771533014463262,0.26640493483678296,0.3047008532256013,78,0.15026354397193273,0.0,0.670839849207665,0.8927739167360603,0.47536319173996316,0.1905008958774395,0.026207522746793332,4.50921055920572,0.09749281650190582,0.0,0.6415240845631954,0.3597049481781442
trucks_4,21,12365,4,7900.0,987.5,23.836431783496096,0.9000295149281563,0.586392945223537,0.7147721578461048,0.14980657163704453,0.3756836710073623,79,0.08508666845770296,0.0,0.7010627499789395,0.7823857403450607,0.4860818647145498,0.2212427802829607,0.02462999665297505,4.227908616335043,0.06290123791963374,0.0,0.6717567950931532,0.47133690823721314
trucks_4,22,12366,4,7800.0,975.0,23.90354697308007,0.8947419130793013,0.5667176035285639,0.7427133856541948,0.34273652938517174,0.3567066982246054,78,0.11183508469038686,0.0,0.6882464878116282,0.8241066333971202,0.4750926217920117,0.21613939469038793,0.024224312005695536,4.021118094412314,0.07206362494614696,0.0,0.6640941471566273,0.44718068609850187
trucks_4,23,12367,4,7800.0,975.0,23.982859636311144,0.8908440999964073,0.5753030938495028,0.66992225964353,0.33811309200089085,0.39815693717554657,78,0.06868111771122548,0.0,0.7153894109321937,0.7235160404150125,0.48568623326397925,0.21889724507521838,0.0273093326798419,4.433341956168693,0.05175273553336866,0.0,0.6765260067814521,0.5085703877409485
trucks_4,24,12368,4,7700.0,962.5,24.295522520590836,0.8978248211128995,0.5807342728568935,0.800995076308112,0.33567812878096803,0.3309807603552137,77,0.13730783630986523,0.3813973945669261,0.660576850844764,0.8609376022711386,0.47395485004529225,0.20330985370046284,0.027535419780377903,4.694075718429113,0.08900873101501786,0.0,0.6313757436348749,0.3958657375905695
trucks_4,25,12369,4,7800.0,975.0,24.064447824526955,0.8924049760603748,0.5794181214875075,0.8778288832825893,0.33134558565957295,0.3360516496158706,78,0.11245802558750993,0.0,0.6672432175562245,0.9891029670789739,0.4844834883227006,0.2248658194877028,0.024910270756603917,4.25020667682616,0.08085087976076674,0.0,0.6463997990056316,0.39093615950654786
trucks_4,26,12370,4,7700.0,962.5,24.361994563351782,0.8929532086248186,0.5667325745550029,0.8789991050747925,0.2746004658936512,0.3578335682222019,77,0.1229738824063868,0.5040478188435713,0.6774711394784586,0.9325635745363956,0.47842847912492176,0.22326652451508697,0.02891045227387973,4.76737353524836,0.09069279419813903,0.0,0.6340754183459382,0.42939478038448775
trucks_4,27,12371,4,7800.0,975.0,24.067560089598416,0.8959279360587599,0.5662478678688216,0.7162325017108973,0.4549059796717567,0.326966976726295,78,0.14199564173169577,0.0,0.6549774544423209,0.8185514305267396,0.47714117638379816,0.18925800976874244,0.027802598293751996,4.610333560558373,0.09141410845975506,0.0,0.6329132678192331,0.4051668420563187
trucks_4,28,12372,4,7900.0,987.5,23.688609406688407,0.8935475634864011,0.5517808468771114,0.7402179904641175,0.24380918033122004,0.3828611619750338,79,0.10429631207852724,0.0,0.6740929105116116,0.8202415570007788,0.4876676769493499,0.2305036442832402,0.02549230098991361,4.208045961745663,0.07348241436272035,0.0,0.6700180523042096,0.4842048843411658
trucks_4,29,12373,4,8000.0,1000.0,23.474794455426213,0.9053181266164333,0.6140097134380142,0.45138992758859964,0.21120874021354147,0.3855028028766594,80,0.06941747483741081,0.0,0.7027246581138612,0.4803251793570996,0.4957939101604493,0.22929938122550214,0.02642620939088889,4.463695226964758,0.04548829188216472,0.0,0.689167902900497,0.46738028170408213
trucks_4,30,12374,4,7800.0,975.0,23.829929134870923,0.9021176698624913,0.5871562172369207,0.7200310717443972,0.2497055157980138,0.3369283649164597,78,0.10574672582725407,0.0,0.7003809092275575,0.7978722686897374,0.4790063949990722,0.22853050943139072,0.025815160733941706,4.567029802599713,0.07471643518715045,0.0,0.6590861264026403,0.37426789824357654
trucks_12,1,12345,12,12800.0,1600.0,42.839171068620715,0.5414519448298776,0.9212999994539215,3.1720221591215165,10.652292560878148,1.4432973036240404,128,0.5864666923658594,3.7398680018655033,0.8877597381705741,2.9149971987216072,0.8083364338133882,0.9891586032301093,0.08053865617489366,17.61761910765786,0.38458774588878153,0.23735230298115323,0.8563661366254671,1.5970427354255552
trucks_12,2,12346,12,12900.0,1612.5,42.56315695983565,0.5386504682892753,0.9297582013411319,3.529783492793961,11.154387461475809,1.2575664943116416,129,0.5698118275918184,3.3564922425938275,0.872685179400177,3.607403531946104,0.8018451830785732,0.8400309381034147,0.07911131279597676,16.76744511681106,0.3941127527949279,0.11073732627410625,0.8647116432803047,1.3744283595681799
trucks_12,3,12347,12,12400.0,1550.0,44.57500332714684,0.5250921106433103,0.9346080335739515,3.2094091152723805,13.540962509302423,1.1130742453901035,124,0.5657686683315084,2.6079341941487284,0.8757619955533553,3.4774577214253117,0.7718620768027767,0.6158331887649445,0.08068894934698494,17.411100231377365,0.3680130157020431,0.139122071926948,0.8320413562339017,1.1628873685859153
trucks_12,4,12348,12,12700.0,1587.5,43.233490578238914,0.5376791573628533,0.9306169177762318,3.673926672650516,11.12906035022405,1.3005647938245484,127,0.591904316410706,3.41994866693268,0.895162834520308,3.79135736346629,0.7886209780885974,0.9428679676733428,0.07987206256678088,17.568627493925746,0.3944248560894424,0.14821757706668318,0.8346951219594385,1.2838243800572127
trucks_12,5,12349,12,12700.0,1587.5,43.55688665882628,0.5332165959980896,0.9336540779463767,3.0342806270161344,12.658062324045984,1.174425355117152,127,0.5559028919267547,2.4072788991218452,0.8966045292099325,3.3174426976780707,0.7883993508891037,0.7062432460358169,0.07877304522791032,16.99809089509032,0.3869851285073248,0.1905554910680903,0.8365946677318767,1.247285926318376
trucks_12,6,12350,12,12900.0,1612.5,42.56950838797865,0.5404938253392101,0.9303385955027572,3.3654417239895316,11.091146423231965,1.27900698309784,129,0.5433342092400651,3.463122456209277,0.9153102413061697,3.3255720373692275,0.8116535921403947,0.6531715432176578,0.07789144814200914,16.458901162322878,0.36995377637031024,0.20220965986405126,0.8821312967154299,1.6339075566176893
trucks_12,7,12351,12,12400.0,1550.0,44.13435102960296,0.5259187659696573,0.9273542186832348,2.886120401444071,12.683361351169511,1.30128941608176,124,0.5497604873441727,2.748464259151889,0.8812652962204742,2.9446974832705313,0.7770721531150752,0.5818014269601028,0.08169219600561961,17.61898966823693,0.36628056137643356,0.1128890124208957,0.8534838193684742,1.7436908411781755
trucks_12,8,12352,12,12800.0,1600.0,43.00923922618526,0.540827494966419,0.9255165747153662,3.8180942893256913,11.162178640512641,1.1896719891173484,128,0.571580227517692,3.0352273065623523,0.9191635134971651,4.176214292079134,0.8011814938269078,0.641510605433279,0.08082291010199144,17.731143982388332,0.3943772706673105,0.17177464006374638,0.8456048506920851,1.3633942796736465
trucks_12,9,12353,12,13100.0,1637.5,42.30334381948271,0.5434182683013641,0.9355872789610474,3.632977309151435,10.224589856890834,1.3798533894638247,131,0.5549429435618085,2.8280703553398023,0.9117682159065035,3.993508548879562,0.8110275034276796,0.7543274790410887,0.07959859702409082,17.65122934401527,0.39355145550771237,0.1916455408405846,0.8689633958126979,1.7584665654482332
trucks_12,10,12354,12,12700.0,1587.5,43.22475200413839,0.5360873621457606,0.9329464564442068,3.1381385892704547,11.459565350002356,1.3792944372277354,127,0.5538561508446442,2.2188921915326913,0.9262770178366384,3.5307334049709573,0.7979214661954229,0.8453752042707431,0.07706498002473358,16.52395753647457,0.36466128370938494,0.23694394525314372,0.8689021787807788,1.6362552434834472
trucks_12,11,12355,12,12900.0,1612.5,42.59797494474739,0.5354467766790258,0.9383379585702579,2.8050257705002677,11.563756204005058,1.357551181384784,129,0.5284915190046408,2.634280644452493,0.8912039917104748,2.874717658683033,0.8050986608757017,0.7584525413265519,0.07943004348180141,17.19445151627715,0.3683188336900038,0.20899177302988353,0.8784023142995313,1.6636939855942583
trucks_12,12,12356,12,12800.0,1600.0,43.24496369473854,0.5400475104462025,0.9319682995166397,3.786359126411103,11.436601177220815,1.18070110287405,128,0.5843983370884415,2.498651929607872,0.9262281106339583,4.381750626008294,0.7887202440948029,0.7083522260274779,0.07633369182543825,16.405152219521828,0.3913866055120343,0.24672964504460565,0.8408443438863497,1.2855659872602763
trucks_12,13,12357,12,13000.0,1625.0,42.285923607535736,0.5449350049152996,0.9346633814100097,3.359468570096404,11.435097054588855,1.1465044239149702,130,0.5705447971686951,2.6872325366707623,0.9266549040083369,3.653571834720122,0.8048011409270421,0.6628608744299676,0.07451395784117136,15.861883943704285,0.38961389136292046,0.11774911392191469,0.8630566596518094,1.350824778498549
trucks_12,14,12358,12,13000.0,1625.0,42.49678760549688,0.5435482637245137,0.9387400740640566,3.106535654769393,11.537150424638584,1.2088688640153253,130,0.575916157766864,2.7770880971078,0.8894838399954839,3.2572403885933134,0.8133970523252153,0.8352297958436279,0.07908991018834068,16.732133625251343,0.39789697311810124,0.11002628621463087,0.8446231364490916,1.2509897165611263
trucks_12,15,12359,12,12900.0,1612.5,43.093931762037485,0.5330120027584642,0.9395912481273428,3.12135655236406,11.742436580383334,1.331176726817022,129,0.5415824467673109,3.1649532594103094,0.9071434549652826,3.1050628335689967,0.7956708958907373,0.6512050868827371,0.07706266711647763,16.94460306076455,0.3393158758761222,0.14268911930383038,0.8993956343529279,1.7254169539455786
trucks_12,16,12360,12,12400.0,1550.0,44.067511282679845,0.5269831798299053,0.9371919473116019,2.510830195307078,13.428380768993073,1.2223037920075874,124,0.5429345591091388,2.31816606357913,0.8966795102879243,2.5928149322125877,0.7735216004431634,0.670880922381497,0.07779462922718866,17.238961872304397,0.36254212569705163,0.104193400567272,0.8533045875052703,1.417748769214376
trucks_12,17,12361,12,12600.0,1575.0,43.34709177202788,0.5293707877993695,0.9448412416459834,2.4404908910331993,13.232415327213106,1.2233961863646758,126,0.5038224048282117,1.9342856466955665,0.9228874617510894,2.6367745572049346,0.7956186162718255,0.7722029419679923,0.08184016734135127,17.353348545895567,0.3402011865872134,0.27411600663973185,0.8805368538255912,1.2001559600558291
trucks_12,18,12362,12,13100.0,1637.5,42.26938318849528,0.546874975729844,0.9213508227854241,3.8830497993411237,10.286423596874098,1.247570203558956,131,0.5986628707442619,2.9597883045699915,0.9164221376157913,4.296594010540692,0.8089646207841555,0.6954099097640926,0.07572960552596243,16.11308098505074,0.39777877439832715,0.35352264391625,0.8798940296930542,1.483906656167316
trucks_12,19,12363,12,13000.0,1625.0,42.046678440189815,0.5440453855301018,0.9399918330100319,2.466365388645915,10.625595304887968,1.5194740742208375,130,0.5489102951101419,2.167465884173676,0.8974314951608056,2.594465176276875,0.8159084380677594,0.7243142933971243,0.08046889235921026,17.373606032588768,0.38371443963006596,0.26351374407772676,0.8902313419139695,2.1759845678662573
trucks_12,20,12364,12,12900.0,1612.5,42.53088267495373,0.5355806984451021,0.9356136752149112,2.2508569518183115,10.30126463402351,1.8009747817983583,129,0.5022648720569836,1.6448770518523743,0.9127251603159515,2.487189112805027,0.8031921829083459,0.7136536501294138,0.0835702329948799,17.627037622223,0.3566444238060375,0.1703146360401603,0.9002540715176992,2.914479061292793
trucks_12,21,12365,12,12800.0,1600.0,42.82128879426326,0.5306499541453155,0.9364210457160839,2.978812766625273,11.59688312732378,1.3765184528386223,128,0.4733424404832761,2.876160275747445,0.9029222181578231,3.0154017732747955,0.8045898335339549,0.694177288484929,0.0781005790444128,16.824221352359988,0.33462100083711854,0.19152169294805413,0.9211512593908951,1.7696028990905326
trucks_12,22,12366,12,12500.0,1562.5,43.79250968503143,0.5281062653943155,0.9379403884674642,2.844561240378597,10.104528187201906,1.89630888182804,125,0.5200357193302563,2.294830910526237,0.9112900143489363,3.0521124873636722,0.7815720730611043,0.6981947938002876,0.08374122905542149,18.39296514174709,0.34533294757162475,0.13256870412088687,0.8763431909293082,3.138544568146708
trucks_12,23,12367,12,12700.0,1587.5,43.73118965440982,0.5176940279072453,0.9288358383730254,2.531327791264337,12.863519545677242,1.4420857041495512,127,0.45564650503328274,2.173817736291831,0.901738010629379,2.651677710760032,0.7907830650869497,0.7034089966060865,0.08162576661235166,17.965119229791174,0.3089541980536323,0.0998503352311522,0.9071714084991647,1.8475249143411114
trucks_12,24,12368,12,12700.0,1587.5,43.25260250752432,0.5404632561303175,0.9286290328014734,3.3576048895006276,11.646662314100226,1.2251031424935352,127,0.6143654787966203,2.3845515333842497,0.8692010726387186,3.838785120547188,0.7985048574143093,0.8336425481451729,0.07670953796801465,16.42203170265736,0.40671552339656214,0.22100298191557738,0.831495407024932,1.2709504949836896
trucks_12,25,12369,12,12700.0,1587.5,43.03654832538398,0.5323193459803084,0.9270902922645801,2.873050602334213,11.702438707162198,1.4090777339909173,127,0.5212583719487098,2.5545443555104037,0.923944462135544,2.999803088315116,0.8002429800983123,0.8202391853061463,0.08066258765715427,17.04058559788295,0.36076578665864706,0.26351680841610897,0.8793065286978081,1.6890454915734232
trucks_12,26,12370,12,12700.0,1587.5,43.23638480976134,0.5358492647880415,0.9380113229370621,3.2121081675299954,11.700728024060773,1.3067664161956865,127,0.5285245290609203,2.737466224672277,0.923832064702871,3.4098756437207114,0.8049855607031283,0.7446774408857951,0.08386043451371812,18.200266092854665,0.36526685986996077,0.14647355212897298,0.8747030120584937,1.495540200497775
trucks_12,27,12371,12,12600.0,1575.0,43.77118988651351,0.5301312415689351,0.9398466472063653,2.847299018541276,13.335215304691038,1.1291051543729531,126,0.5525780936956617,1.9866695784397688,0.890554613488686,3.235970378587118,0.7815762221345975,0.6656809116515363,0.07824147023532615,17.190063616907448,0.3849421065653164,0.17903540934306836,0.8380190712091651,1.1598092574309056
trucks_12,28,12372,12,12600.0,1575.0,43.40882540444535,0.5317167299425585,0.941691590528882,2.9878937625320185,12.132682239995587,1.3166791860340001,126,0.5277185201948679,2.6974357740461348,0.917555708970662,3.104675840376858,0.7879664557524619,0.7847904133607863,0.07876431190016842,16.394254963034655,0.3466308822806482,0.32941520072500463,0.8808752924832829,1.4910857512528466
trucks_12,29,12373,12,12800.0,1600.0,43.116431353908894,0.5304738589074797,0.9262519395599594,3.391853328522493,10.292126227058938,1.6224971422953764,128,0.538590275837867,2.953938812470375,0.8920220765572282,3.567922051471282,0.7944349409375561,0.8195847405088226,0.08116428016411584,17.71828112108661,0.3553006061577176,0.18789453288924937,0.8737253942155125,2.283154242050232
trucks_12,30,12374,12,12600.0,1575.0,43.814004734781925,0.5234878285897417,0.9232899920187484,2.7909697742278103,11.24339164679109,1.69390594544228,126,0.4974817504705899,2.2371975329935743,0.8994985483891836,2.99439631182406,0.7887731305954551,0.7885997186654959,0.07694977527690151,16.405513235923525,0.33630662666498684,0.22447637058040362,0.8915760488420361,2.5204473079432477
ramp_upgrade,1,12345,8,12200.0,1525.0,30.55295076819673,0.742389522377183,0.9030429887430135,2.4445026792594304,2.585667333787846,0.7157882022843036,122,0.4649848584507205,1.493749840188282,0.8690620518291727,2.8206246815293357,0.7572749733925214,0.5483442357754194,,,0.33161797165849743,0.14363388892845583,0.8172519407205586,1.1684603249370868
ramp_upgrade,2,12346,8,12400.0,1550.0,30.014259615796064,0.7417964962839262,0.865599752686719,2.3077537007007844,1.9395604625022353,0.882731193755542,124,0.45560547151687836,2.377901661192687,0.8687409335647154,2.2816347792410334,0.7545907040851669,0.5706418624238525,,,0.32312174208317895,0.19476053498862902,0.8505655381347323,1.5539028902800436
ramp_upgrade,3,12347,8,12100.0,1512.5,30.58400460576735,0.7352308893982866,0.8701540248418512,2.5606154474599405,2.2405455534563066,0.8092481055992828,121,0.4557404007429566,2.1548209922904107,0.8707602480658668,2.7089704095649294,0.7552975211684723,0.5720036734077073,,,0.3141787946526975,0.09313040128430676,0.8382726772320788,1.3879407229643963
ramp_upgrade,4,12348,8,12200.0,1525.0,30.451758070854282,0.7261325403173206,0.8968192375448133,1.8209657477413415,2.3495761459057487,1.0495601691591003,122,0.37454857738110114,1.4103666198465754,0.8906930707061,1.9359335035518759,0.7562857435465539,0.583594454802943,,,0.25727646063743465,0.1293527480046373,0.8963065909275975,1.8868724657953857
ramp_upgrade,5,12349,8,12400.0,1550.0,30.13851394918585,0.7541318498207372,0.8944935349218895,2.6861321152352526,1.9455425046870467,0.694314428396058,124,0.5264769422799007,1.3987350154915614,0.8680046754683024,3.2237265085348157,0.7552933034711908,0.5315942742586781,,,0.3483895199479287,0.03383277416823813,0.8225144238327283,1.1927425828000244
ramp_upgrade,6,12350,8,12000.0,1500.0,30.955358010492997,0.7297605853941767,0.88059064366797,2.512704479719468,2.818910861133129,0.7714715839219894,120,0.46319372103795325,1.9412019661672877,0.8600196222520945,2.732513138777999,0.7368676540523923,0.4314227867812549,,,0.31845258180326164,0.08221133731327934,0.8240891955301841,1.4888791304637503
ramp_upgrade,7,12351,8,12100.0,1512.5,30.890143864059763,0.7284933046715947,0.8747730340907356,2.639760644938979,2.6665564521014633,0.7787291395380627,121,0.4486103124542586,2.0992782560567416,0.8828014033989563,2.8395041364824145,0.7426225846338023,0.5700871246877626,,,0.3164444643765415,0.1497833016464591,0.8204444326445138,1.2883449022178532
ramp_upgrade,8,12352,8,12000.0,1500.0,30.8003809372659,0.7219371368423464,0.8824634458875675,2.447483970937282,2.4401520875279306,0.9253905237961333,120,0.41712392720293895,2.2767242818048703,0.8610158907104444,2.5008463737911613,0.7481726557069411,0.48806822306250636,,,0.27604750896183783,0.043869409745690764,0.8754658317951027,1.756629629119214
ramp_upgrade,9,12353,8,12200.0,1525.0,30.620833742191476,0.7427031460099178,0.8999189111784028,2.468450568919361,2.642165195357196,0.6959750229634906,122,0.5124136803229138,2.6630158260672285,0.8610287775220211,2.391479697959765,0.7502473904408453,0.4562993042467194,,,0.3249688676596131,0.06964617063058082,0.8127760232821905,1.2677107601739037
ramp_upgrade,10,12354,8,12100.0,1512.5,30.77861109544525,0.7309127571743542,0.8950589036718314,2.3880299876024154,2.6559231694764125,0.8069252074125738,121,0.4321501906577507,1.8053680648976103,0.8602432306245203,2.592581513658357,0.7453302074210048,0.5285677709567891,,,0.2961170665350624,0.03973328899025979,0.8467092779408419,1.4368005506888408
ramp_upgrade,11,12355,8,12400.0,1550.0,29.934227925309603,0.7443743810830947,0.8967715294491401,2.229237946358197,2.193096555479432,0.8180784918697551,124,0.47596832052672744,1.3662050128347207,0.8755711356407045,2.5505799960743847,0.7617187140317856,0.5486436030994305,,,0.31395137075287277,0.09929158855795875,0.8488074719788687,1.435462532252426
ramp_upgrade,12,12356,8,12000.0,1500.0,30.863450291119825,0.729927274598875,0.8811287398608303,2.5903239671307543,2.1302524493145727,0.9101919629042643,120,0.4409770041627388,3.1204606954529894,0.8879127613547833,2.4154916418329955,0.7491585578193377,0.5413362154327566,,,0.28689885346757826,0.07954573865990695,0.86009455942935,1.6653124882392156
ramp_upgrade,13,12357,8,12200.0,1525.0,30.42935334032243,0.7353697196317014,0.9048528383761164,1.8863905714126847,2.652060618704957,0.8889001584581154,122,0.44636433572174583,1.3233751007671188,0.8567711742341095,2.0900344650504423,0.7629718621737688,0.5466062010654951,,,0.3067789274933254,0.1430824938399814,0.8491169946981768,1.604412876571904
ramp_upgrade,14,12358,8,12100.0,1512.5,30.819293880885372,0.7308821385708366,0.9023254829381534,2.049800476991148,3.1429687552886136,0.7880513874686881,121,0.44138911274650483,1.2292495991486094,0.8715512490280454,2.3378662107018267,0.7387724128142257,0.561909609713843,,,0.30205403963015826,0.08487051880156646,0.839703795935234,1.331794653859562
ramp_upgrade,15,12359,8,12200.0,1525.0,30.446952158167296,0.7374658574530732,0.908864385930959,2.1604386925457906,3.0677642878027567,0.7087745742101151,122,0.45040387770591006,1.5385561949216864,0.8428246764583007,2.406458142155327,0.7545625450151418,0.5464037424614988,,,0.3301672053519661,0.08483432551130571,0.8152366859688378,1.169118739607793
ramp_upgrade,16,12360,8,12200.0,1525.0,30.559262717781447,0.7321863420590584,0.8925043973606862,2.262041588588468,2.6002526022633625,0.8420504810799209,122,0.4297224655869231,2.182405545368608,0.8527643421825922,2.2911558409484165,0.7451540150881314,0.6543581078551663,,,0.3203626139707167,0.10919441324216121,0.8469148419912857,1.3515354027826987
ramp_upgrade,17,12361,8,12100.0,1512.5,30.780724821389907,0.7335182189857625,0.8996059608409595,2.197518994377246,2.982310434161601,0.7609291244566656,121,0.4842890397719877,1.8077213248622912,0.8519782190720588,2.3474411749599207,0.7440674257679861,0.5696804335030763,,,0.31047889981242893,0.08076436806409895,0.8206596905670959,1.2723829429471734
ramp_upgrade,18,12362,8,12400.0,1550.0,30.157085827416417,0.7414242500218401,0.8761206324139479,2.414223810725334,1.9661121938611845,0.8624251946670901,124,0.46142905511978316,1.891758400222072,0.8629775331962024,2.608758803997825,0.7647128257866028,0.6970996126063701,,,0.32408741296150384,0.11147161350187267,0.8537280901386779,1.3601246363299824
ramp_upgrade,19,12363,8,12000.0,1500.0,31.074603208033395,0.726554100914345,0.9018472668141094,2.3285927176055194,3.4103812548659156,0.6982969061443209,120,0.46010021753709496,1.6387008065425035,0.8425575845527639,2.5863545305301616,0.7324199037377802,0.5308086592423246,,,0.3077817685199649,0.0456096588465902,0.8271950441307149,1.164862227938435
ramp_upgrade,20,12364,8,12200.0,1525.0,30.45635106047933,0.7337664647529547,0.8951189979933974,2.642200178691939,2.570812166276568,0.7367253526414397,122,0.43931401147012894,1.7450550558538103,0.8660727690077955,2.97375381104516,0.7477829311981438,0.5047212243247229,,,0.3158273134091957,0.11500566468856753,0.833622389125479,1.277112779855821
ramp_upgrade,21,12365,8,12300.0,1537.5,30.424003141393168,0.7476514975689184,0.8975715163264193,2.3780421052957648,2.3625316525517617,0.7378291755371772,123,0.47856460685572366,1.237675673579042,0.876408064824226,2.8242724481414383,0.7538711815219185,0.5720034737115591,,,0.33277114243024536,0.0841027822315146,0.8328324886088646,1.2188523923073158
ramp_upgrade,22,12366,8,12200.0,1525.0,30.483786435014846,0.745437405840216,0.8781139734400226,2.819904108149245,2.192580421269181,0.6892826414818535,122,0.5165106258785362,1.8251588635178486,0.8659776641140152,3.2288549309421524,0.7450685456476288,0.4871693605722916,,,0.33382369622868485,0.07552986157981358,0.8212054944709153,1.2115136914078268
ramp_upgrade,23,12367,8,12200.0,1525.0,30.519221975402246,0.7415149669197934,0.8979759440014117,2.6275809181148615,2.364919525008684,0.7287903055169135,122,0.4680668503315937,2.4023752732099575,0.8765217660103051,2.712335730713481,0.7537471411335154,0.5385482838769416,,,0.31713205227499747,0.10450865052126232,0.8339961753925181,1.2169471225519874
ramp_upgrade,24,12368,8,12200.0,1525.0,30.446132031406297,0.7426048582360065,0.9013776810333135,2.7707812603056183,2.1596831217867747,0.7330040646212073,122,0.47753091473187637,2.321525043884095,0.8562076840989777,2.946577171079258,0.7562611298502414,0.5362812290268317,,,0.3241850625680453,0.08596474438637099,0.8318609778097591,1.2456867238216953
ramp_upgrade,25,12369,8,12300.0,1537.5,30.33128742250124,0.7356249336712375,0.8734023831198509,2.4947795909095523,1.9934066179472985,0.8878648574473518,123,0.4521712456724456,1.8522496700487137,0.8700856690042194,2.727184030369856,0.7562658607922247,0.6744510682564195,,,0.3109259521731806,0.11653228440805019,0.8604856313981647,1.4472468834943348
ramp_upgrade,26,12370,8,12100.0,1512.5,30.762317303951793,0.7318062581167268,0.8627587096910967,2.910470431350037,1.7393773300952204,0.9076531516142406,121,0.4558398762917251,2.7442123589300538,0.8811978196749694,2.967068924088755,0.7452411077579645,0.5464814878440415,,,0.30038471063827826,0.16310821069319392,0.8626072614748275,1.6279488458435252
ramp_upgrade,27,12371,8,12100.0,1512.5,30.47595872380286,0.7409989341721752,0.8782058882410763,2.616493435036145,2.431341306723327,0.7228642117172887,121,0.5218742498616548,2.333561901688894,0.8308478357702598,2.7328097320789033,0.7503852934505765,0.5690584170268405,,,0.3427914558354915,0.05527135243711769,0.8038003460589384,1.2066658299722466
ramp_upgrade,28,12372,8,12100.0,1512.5,30.691083047803083,0.723907381574503,0.9173413189791285,2.258093802379178,2.7663620378514655,0.8665539553140504,121,0.4048338051241549,1.6490997545823076,0.8684523530051305,2.440164187802985,0.7486818475097088,0.45191147585052227,,,0.2614353243550213,0.011137478643222749,0.8793915709548272,1.6438061235409003
ramp_upgrade,29,12373,8,12100.0,1512.5,30.635482623812567,0.7353586464571967,0.908501148058983,2.558813836516413,2.522122924836288,0.7566226265499107,121,0.466141509416812,2.357169204674655,0.8573070197775092,2.632533379340282,0.7411897738240775,0.46854636806695543,,,0.30495242848756443,0.0712485456139676,0.8406193150536256,1.3829599746737404
ramp_upgrade,30,12374,8,11800.0,1475.0,31.56692908793995,0.7138960893382565,0.8723954952878054,2.676381094105391,2.337452766462533,1.0076060612456912,118,0.4090910983906135,2.4111766038779843,0.8659789426253955,2.7686261341844887,0.7226758833040362,0.4720818854131452,,,0.2897854036578181,0.09731122658049914,0.8311475908109335,2.0174603149727575
crusher_slowdown,1,12345,8,6600.0,825.0,55.10163937935182,0.4551965703443812,0.9554367573712175,0.6291553489780701,26.860353780894723,0.6711937998357492,66,0.057683628198849105,0.42214255379542465,0.6124489956393693,0.6446040650364765,0.4183246284171443,0.2165554717556607,0.054021560831727,11.090916540456439,0.04505392766792911,0.0,0.6178439250419099,0.5648205185051131
crusher_slowdown,2,12346,8,6800.0,850.0,53.267221168138654,0.46912330660396373,0.9509697406082785,0.5298508420355598,25.398705571851764,0.6144474720976923,68,0.06634066895223549,0.0,0.6443064667101025,0.5676973307523856,0.43495607978987066,0.2148453547146242,0.054926850214753624,11.194236271945195,0.04641802020681943,0.01963402997731265,0.6355144982781046,0.45768550560354554
crusher_slowdown,3,12347,8,6200.0,775.0,58.42655092555586,0.44084262436929417,0.9512425464322709,0.9035474286321004,29.446069609641956,0.6124052109930536,62,0.06569143978310295,0.07632661128183216,0.6056895095214998,0.9544533250844246,0.39713045030711175,0.13897304655076806,0.05119713368711492,10.287476330017842,0.03599698555982296,0.0,0.5791215031598022,0.5274815994678074
crusher_slowdown,4,12348,8,6300.0,787.5,57.17383988666193,0.4424863784650387,0.9503238298499813,0.47702692367284183,28.776703653306626,0.6823062751516648,63,0.026470723825175894,0.0,0.6369835396189133,0.49105712731027834,0.40017889856502104,0.1633374419976297,0.05468406432125819,11.182751522999657,0.01779566728610966,0.0,0.6202117555321564,0.5845899535413802
crusher_slowdown,5,12349,8,6500.0,812.5,55.71074120602661,0.45091425453878353,0.951800968705811,0.586416206445619,27.67375684726352,0.6138491435082549,65,0.031067535221655854,2.285994489249788,0.6565194168013855,0.5378568269369284,0.41833759124344133,0.18601440846853123,0.05291149132970081,10.588819829207125,0.01839363521269807,0.0,0.6242712233115973,0.47293777889533933
crusher_slowdown,6,12350,8,6700.0,837.5,54.19935247502822,0.46210033963251607,0.9553118711640958,0.768045689251478,26.21626430675839,0.6189777389315176,67,0.05631360574085834,0.4771103272778383,0.6559677909969923,0.7846705670785431,0.4259421138645243,0.23293831328337306,0.05033168880625621,10.143741946364672,0.03540956011677774,0.0,0.6331101771712663,0.49245391459395677
crusher_slowdown,7,12351,8,6400.0,800.0,55.593194962856494,0.4589189861496975,0.9543104136627127,0.6066839354247447,26.717629020458684,0.6941037224790048,64,0.07633248136305196,0.3956027513652695,0.648458996269015,0.6258731339756062,0.41195314976806896,0.17983880838679137,0.05735416658114605,11.920198718932426,0.05371887958501067,0.16503741950610915,0.5949710786571264,0.5830467312759816
crusher_slowdown,8,12352,8,6500.0,812.5,55.37273105804981,0.4592998622982659,0.9524792124071254,0.5020593813461994,27.018343076069574,0.6445644411742957,65,0.07582916136222845,0.0,0.6284790219102411,0.547701143286763,0.4141665965263382,0.2188879569952325,0.05211059301058896,10.608226975871194,0.05272485813368832,0.0,0.5935304474739964,0.5378786446960303
crusher_slowdown,9,12353,8,6500.0,812.5,56.072274694156235,0.4534485836738539,0.9513544736835118,0.7401279900542309,27.386416443590935,0.6319485229542188,65,0.06214312828901535,0.0,0.6410222577783014,0.7843147357291104,0.4192604493905837,0.12994840369196373,0.052846153079563404,10.921674225163626,0.03834565948523645,0.13173560967726594,0.6009127537627782,0.5532463870508219
crusher_slowdown,10,12354,8,6800.0,850.0,53.49040238532515,0.4679328828019846,0.9582307242142468,0.5405763084709039,25.572451958675874,0.6522185255010425,68,0.045354594914653525,0.6511040832037812,0.662052414837323,0.5359709845237006,0.43588533792981526,0.21269713694855819,0.05398388677769126,10.891992582740219,0.025524457618880017,0.0,0.6686810881745242,0.5408826538412728
crusher_slowdown,11,12355,8,6700.0,837.5,54.405792463968744,0.46370556598485646,0.951336660744545,0.4638430717641233,26.518486791889245,0.6032207939521549,67,0.06496669426521287,0.0,0.6437114307692738,0.497454888558625,0.4261817623032235,0.18263926528968139,0.052368380792977634,10.427216830075643,0.04566430240623373,0.0,0.6220824746221016,0.5003089117230852
crusher_slowdown,12,12356,8,6500.0,812.5,55.4124473713791,0.45365803619256334,0.956932178579666,0.4739703096814585,26.916097884444497,0.7358485432862155,65,0.06254925686857685,0.5170899293371903,0.6052707051228661,0.4707524276175979,0.42199043189285285,0.23483546615394638,0.052611495720811655,10.99183363845825,0.04600564746653927,0.0,0.6041925276471755,0.6865882663048204
crusher_slowdown,13,12357,8,6400.0,800.0,56.628891361485046,0.4479856289592213,0.9564268701682652,0.46538540494803915,28.369028356850713,0.6229031917089167,64,0.04713680419235414,0.7099837282751587,0.6143514052559021,0.4507825199732858,0.40657595240893535,0.1794004208159189,0.05274229783441,10.600051595352546,0.03732456902945247,0.07291533812156636,0.6045004018293878,0.502693318770657
crusher_slowdown,14,12358,8,6300.0,787.5,57.18437950139167,0.4396671228601158,0.9566264548612532,0.5621303441115334,28.64533712061344,0.744687589886607,63,0.04641504169387688,0.01426875937005434,0.5842168472029478,0.595334076520108,0.4023995747097461,0.20309624570023943,0.05413288021984266,11.280278443289786,0.02999206416942677,0.0,0.5953003868056751,0.6872492848455564
crusher_slowdown,15,12359,8,6700.0,837.5,54.91690103996935,0.46600281297287616,0.9509974874448961,0.5973501762521813,26.488689038221096,0.609638246301757,67,0.07643622337040576,0.0,0.6618982819384033,0.6508442218867049,0.4202183110136565,0.22847809770863012,0.053489620574106646,10.81756885749041,0.05687651096857078,0.17208189921941752,0.6067278707744342,0.43059562811627095
crusher_slowdown,16,12360,8,6500.0,812.5,55.67275714485355,0.45051545054216247,0.9527051687382943,0.6279251432995481,27.4135761357816,0.6639788963790446,65,0.02739488167853179,0.0,0.651567997854278,0.6458658616795351,0.40815698790825994,0.1302285674770161,0.05049792074838286,10.614882705892208,0.019958905651222544,0.4626105330909187,0.6424210242126381,0.6157970205134805
crusher_slowdown,17,12361,8,6500.0,812.5,55.94298436169534,0.4552342273169462,0.9516492115309638,0.7042380388482676,27.284615845155866,0.6490868093014127,65,0.06674387252412385,0.0,0.6250988782041986,0.7682596787435647,0.4140366408144956,0.1693042708236924,0.050466331933135336,10.153717607725488,0.058458062308302666,0.14914925873907592,0.5944979754075973,0.6125419959603852
crusher_slowdown,18,12362,8,6300.0,787.5,57.00066021058437,0.4523869919953728,0.9529234755617518,0.6409622968083852,28.180902137462756,0.6229170237674174,63,0.10489064225875279,0.2223849335123349,0.5873212253145816,0.6949722791691658,0.4019943884570824,0.16850225117785333,0.05271118435215463,10.752228747890825,0.07305563440826086,0.0,0.5661472197154569,0.5335212864215615
crusher_slowdown,19,12363,8,6400.0,800.0,56.681874365247026,0.4507786531557904,0.9510523916679092,0.6518786457770747,28.28257056953859,0.566745496899175,64,0.08149080988493264,0.0,0.5902645282043084,0.7231778726589421,0.4072101000359577,0.15523552205396,0.05357199502926104,10.863486720871833,0.06302531593213713,0.16309507332543052,0.5743939453255584,0.39358016455795225
crusher_slowdown,20,12364,8,6400.0,800.0,55.62695135530585,0.4561870967401094,0.9504550438615563,0.5948299239454387,26.74648820491209,0.7081687145463239,64,0.07877208303512694,0.0,0.6165128930829928,0.6489053715768421,0.41335366296144094,0.21315954953319474,0.0530272782965564,11.24785680139286,0.05585876135602266,0.0,0.5927784633520397,0.6395180058177443
crusher_slowdown,21,12365,8,6300.0,787.5,57.5825619626254,0.44407128526513584,0.9514765346788951,0.5402284044515423,28.876520340357864,0.6844234266754495,63,0.04978762769888214,0.0,0.6273095606093688,0.5729695198728478,0.40149032138784385,0.19164477099349705,0.054724457567384165,10.660047680871223,0.03015279865957104,0.0,0.5984117276314568,0.6051808043080081
crusher_slowdown,22,12366,8,6400.0,800.0,56.953177534856366,0.44700929822244506,0.9485375498967316,0.6440200304611414,28.206414567002888,0.7037373284336992,64,0.07078783748365429,0.0,0.6051989987091022,0.6928094267081976,0.4044751600947033,0.22586744467737438,0.05557245581275632,11.23074281807665,0.04729038189475195,0.00037422539964921954,0.5901969924205106,0.5968919630475762
crusher_slowdown,23,12367,8,6200.0,775.0,58.175561269783465,0.4391420691547584,0.9502593743491112,0.6337306800064049,29.185543534949645,0.7127530743497017,62,0.025402919279338812,1.008616574817836,0.631087589575704,0.6225400562806905,0.39646855901712286,0.16376607657239586,0.0523539534666031,10.987911385653756,0.01843546782910034,0.0,0.610374596110832,0.6531863244841504
crusher_slowdown,24,12368,8,6300.0,787.5,57.029223111949115,0.44289975604933596,0.9562743915364273,0.3620479100685014,28.61168353095123,0.70627991800292,63,0.04219336241039803,0.39030298495758114,0.6151546756676202,0.3607827574615277,0.4095665985297013,0.16622767792863946,0.056580171243976615,11.608703754042626,0.02613140793280461,0.0,0.5967236718882788,0.6190051755365387
crusher_slowdown,25,12369,8,6500.0,812.5,55.59455037442433,0.4555143742797372,0.9514967204299579,0.6211234131187447,27.26202231381699,0.6491446654956582,65,0.05424792767152685,0.0,0.6376914197295946,0.6576600844786709,0.41668146250946714,0.15928486863733812,0.05732357760479643,11.263787901766925,0.03474685896308804,0.0,0.6224067855486429,0.5535019195578963
crusher_slowdown,26,12370,8,6100.0,762.5,59.10964193696681,0.43716872864057527,0.9484149081426073,0.7362994127698956,30.115527791377964,0.6273939295078315,61,0.051581760459424614,0.23679325390473416,0.6130035493098641,0.7675185476989681,0.3868463290615424,0.18981842053584233,0.050886689189891914,10.806904327350082,0.036635899887129425,0.2784388463493741,0.5700789920914062,0.4471411726482398
crusher_slowdown,27,12371,8,6300.0,787.5,56.95291503157168,0.44684328299845555,0.9585564262014501,0.7216956797289278,28.23674193264534,0.6374036170869601,63,0.034853686518471975,0.0,0.6565288445802295,0.7535351950110865,0.4007475202183377,0.1573222399213849,0.05089245867000702,10.186111809235525,0.02846439898041299,0.13508371909259745,0.6082879880256815,0.5632924736546162
crusher_slowdown,28,12372,8,6500.0,812.5,55.52252756081649,0.45390687777648625,0.949383522707027,0.6478066095766105,27.10167624893047,0.6465305132401824,65,0.07177630212834654,0.0,0.6287965445153827,0.696882867877869,0.4118951278743843,0.2210528603121895,0.051085490336011924,10.52410627963027,0.0452329272733255,0.14879599943449406,0.6068268652001433,0.5216900782944323
crusher_slowdown,29,12373,8,6200.0,775.0,58.360875840313,0.43575294570845663,0.9577564581496496,0.4363712280763351,29.853241192505973,0.6887309295624111,62,0.03563820245316225,0.0,0.600258171747727,0.45620628389798673,0.3899637013118281,0.15052634098591708,0.053356064466351265,11.46597408105453,0.026929841423435887,0.0,0.5969559414619238,0.592111328736497
crusher_slowdown,30,12374,8,6600.0,825.0,54.55895058811175,0.45884738842425266,0.9531059177251188,0.470448031465143,26.642148293581762,0.635646255889293,66,0.05055992313273789,0.0,0.6438216987206393,0.49772038111529626,0.42573930338135735,0.2521779884766088,0.0519998869161195,10.454694611429996,0.0359800032524846,0.027719789962820762,0.625138583154155,0.48513644274463047
ramp_closed,1,12345,8,11900.0,1487.5,31.35689369431975,0.7257467363588324,0.8872247921303335,2.3035156470517566,2.7705371246564283,0.8860471029465227,119,0.4179326610879606,1.688314151467103,0.869299617048789,2.508582812246642,0.7267672362577254,0.4854983312059846,,,0.27925804431945905,0.12105419517417562,0.8477981308060513,1.655728375677029
ramp_closed,2,12346,8,12100.0,1512.5,30.63098407771326,0.7345515687247337,0.8741179938250347,2.276915043258552,2.3685358620842054,0.8877110471406711,121,0.4488259719506983,1.736651087089222,0.8646917842179506,2.4665821768073597,0.7415972254237162,0.5280618466635989,,,0.29944043909492407,0.11547354067130149,0.8429023396775929,1.6295403537897837
ramp_closed,3,12347,8,12100.0,1512.5,30.809103591986055,0.73941360463854,0.9019496994611043,2.4536995885828743,2.7578750781433743,0.7174114423265933,121,0.44796757273924875,2.020678359415459,0.8623103856109097,2.6137291732751806,0.7473677977927184,0.6231470844786295,,,0.3093651165103048,0.0712383982750258,0.8151353581944498,1.0826901633788435
ramp_closed,4,12348,8,12000.0,1500.0,31.182825291636284,0.7350215968137779,0.8717466259164153,2.597596659772184,2.6676561376566332,0.7594272596312742,120,0.4942497208283862,1.7457564313120575,0.8341110698970248,2.9460767532331444,0.736684372716587,0.6758494898187872,,,0.33066880608492244,0.11251403954096181,0.795398420616423,1.1380432630488844
ramp_closed,5,12349,8,12000.0,1500.0,30.916242528934596,0.7402958346355297,0.8846716299029019,2.938166944314062,2.5280135881652077,0.6452409252013168,120,0.4739222283385008,1.8427331799992008,0.8457256849789336,3.376340450040007,0.7386886902991352,0.5021997873323784,,,0.3309777271920279,0.05059121916347939,0.7980878662093057,1.078613971776045
ramp_closed,6,12350,8,11800.0,1475.0,31.49536276172199,0.7126707952746096,0.8710729920216309,2.1378637214595444,2.232916501773746,1.1859192737983943,118,0.37609595777961263,1.7401183967079064,0.8670644734617794,2.2550939224389746,0.7259667337297154,0.4809078139406492,,,0.25584705693536663,0.13842290976736876,0.8691008676485297,2.3740640757564098
ramp_closed,7,12351,8,12000.0,1500.0,30.93188883827671,0.7362676116099469,0.8833923119015203,2.4309611963179334,2.379891261529581,0.8458681522939122,120,0.4439109562059,0.8481156650716133,0.8793446065207302,3.015925849169835,0.733179236229874,0.572970085705465,,,0.31029008601063873,0.16372928800383915,0.8184807583521211,1.4587308671547905
ramp_closed,8,12352,8,11900.0,1487.5,31.360585043146838,0.7183245699400549,0.8480321338624033,2.435805239284383,2.1842197130064154,1.0561131085581055,119,0.4137207821900628,2.797738492951095,0.8607551655689287,2.325320351322966,0.7397743854695479,0.6234348063152259,,,0.26454786755030185,0.05127459305364578,0.8665926022990201,1.9093943003346836
ramp_closed,9,12353,8,12200.0,1525.0,30.54223830089746,0.7413368808522225,0.8975200991095951,2.3471262082643833,2.2465205907679624,0.8335591886608906,122,0.44069561730949236,1.8113303093809923,0.8788764552034993,2.5352247685106803,0.7516153479638956,0.5866646936685104,,,0.3001404687168214,0.07871377373965405,0.8383706368880594,1.420308915564799
ramp_closed,10,12354,8,12000.0,1500.0,30.797295749852466,0.7403548823901023,0.8869692142361035,2.3723920296971563,2.0547017240075,0.894849730204318,120,0.4416948013700946,1.7373580034102953,0.8659924743152605,2.6070785176727354,0.7466009153094763,0.6216176878732793,,,0.3083000649865345,0.10106346794283978,0.8433470005082288,1.544735957693239
ramp_closed,11,12355,8,12100.0,1512.5,30.8580295601178,0.7381354633344432,0.8842655738375533,2.395175609014318,2.4533006713290897,0.8107112438164025,121,0.47593960846539474,1.658861329845143,0.8501798595445442,2.6783734086947697,0.7425038138278066,0.6025891615723368,,,0.31375471014848544,0.0970747138666472,0.8208070696781605,1.3602865659817054
ramp_closed,12,12356,8,12000.0,1500.0,31.099435898367982,0.7356338938638384,0.9038452631828129,2.718340965375936,2.2977715572838013,0.8061874135337013,120,0.43926725128117733,2.668483621536928,0.8714972785456127,2.736224577839928,0.7453325895015187,0.6211364457228262,,,0.30795470436942407,0.10980869374898149,0.8293902408916017,1.304846743959915
ramp_closed,13,12357,8,12000.0,1500.0,30.98836714136853,0.7304202683962888,0.8839069586243605,2.553857853080599,2.646153139347207,0.7975974645214675,120,0.44483941095658913,2.1559172336154644,0.8391809155727927,2.700922864622062,0.7399988599959627,0.5215043655852452,,,0.30808574832127283,0.018129139897650304,0.8267727582377644,1.4445480498060415
ramp_closed,14,12358,8,12000.0,1500.0,30.859790770584752,0.739400944754453,0.8674968226575069,2.661459400413875,2.343229162823666,0.7626801999178648,120,0.44315401542629335,1.700149862289982,0.8930659979319313,3.0271749855697037,0.7437051342900711,0.5903191768048814,,,0.31395919654581317,0.16810521611811588,0.8256636426959378,1.214795180658437
ramp_closed,15,12359,8,11900.0,1487.5,31.19340017922281,0.7260369129862108,0.8736102744576028,2.5433552622499698,2.6898355344264013,0.8334120886300068,119,0.43630085715210737,2.28732163417675,0.8473543302865476,2.6324104372319588,0.741988537994734,0.6521965101556648,,,0.29477421551003585,0.1497154522780909,0.8257901690149654,1.3050246484157622
ramp_closed,16,12360,8,12100.0,1512.5,30.779413545044346,0.7419342954054957,0.9052448458480299,2.2314125321850735,2.511556578229098,0.803560101888252,121,0.4623085360577781,2.1253573856657746,0.8641993922308242,2.2701853814501938,0.7446403406112214,0.5533967718965764,,,0.31086036815694734,0.07409128792113422,0.83205571631533,1.397691253530229
ramp_closed,17,12361,8,12000.0,1500.0,30.83839567312282,0.729595987305198,0.89398030216777,2.2547943505240426,2.7853364919872727,0.8361254186732465,120,0.4244136770939668,2.1504734011289397,0.8585430746440802,2.2899340387413405,0.7360425440581231,0.5533454660614499,,,0.28972018405570554,0.1496050833209339,0.8469968005701101,1.4301867466479836
ramp_closed,18,12362,8,11900.0,1487.5,31.156508448560377,0.7235095631116139,0.8905119558557093,2.1628579751069874,3.2566726563106667,0.8175060793449137,119,0.3924255355638305,1.9045359514451805,0.8673507412121302,2.24804928078269,0.7279176396635871,0.5530041274473082,,,0.28915727873053815,0.1072054654922777,0.8473397371335961,1.385638025623829
ramp_closed,19,12363,8,12100.0,1512.5,30.785374105025348,0.7376177275953731,0.8808506716253647,2.2912461239446476,2.3478558119260056,0.8708100512001272,121,0.4568277652816485,1.434691902166447,0.8656371933759328,2.611277371641997,0.7440533441968166,0.6004287782406391,,,0.3116855219722409,0.09837302911304763,0.8309634048015856,1.5183441938451352
ramp_closed,20,12364,8,11700.0,1462.5,31.867939883441657,0.7073438471121813,0.8596070336963091,2.7806201780259348,2.8270365555301487,0.9309292707434208,117,0.3769057691547635,2.5074990177549004,0.8724880322187348,2.861975417255605,0.7146031305984358,0.554550669039882,,,0.25512866178683624,0.05490937595329827,0.8518930641147632,1.6643466330321548
ramp_closed,21,12365,8,12000.0,1500.0,30.85956290718229,0.7336119725846779,0.8870476978443265,2.4957647870604203,2.358276826247972,0.8525519427950021,120,0.41364261962383897,1.6873891627423117,0.8766526435846966,2.7623567482717117,0.7533322656153241,0.5540771629543014,,,0.28241559326566257,0.07792638021099708,0.8572326352233156,1.4938080937604201
ramp_closed,22,12366,8,11900.0,1487.5,31.172220517212597,0.724855464939912,0.8724435483728316,2.489235494781315,2.7323236393510233,0.8408203128727528,119,0.40882023314415944,1.4586213769851646,0.880798441593598,2.829118874054514,0.7334116431122671,0.5146548535361396,,,0.2817776281792301,0.06468429701138372,0.8385198598111798,1.5167569076545286
ramp_closed,23,12367,8,11900.0,1487.5,31.064211457654924,0.7358267717916185,0.8661478591842859,2.601797534076926,2.390118769908054,0.8104867408983085,119,0.4684976655733531,2.066125617487663,0.8398087326948457,2.8101143905283057,0.7404409820349914,0.5315349594526327,,,0.3282237849014547,0.09080163725700334,0.8199984138391653,1.4715203816074736
ramp_closed,24,12368,8,11900.0,1487.5,31.308642427855307,0.7297626536419255,0.8849553188530789,2.459681319438618,2.9393352799877444,0.7753654931195365,119,0.43149686244076724,1.7936297742797058,0.871480172861424,2.6938972474065865,0.7358683721439601,0.5638030519843235,,,0.29625623071425833,0.07386396927646677,0.8240433442399855,1.30488519049454
ramp_closed,25,12369,8,12000.0,1500.0,31.1909975995099,0.7303140031880869,0.8838789123236437,2.403721046293897,3.0801825473404842,0.7376555003344939,120,0.479524422589655,2.2352120821406083,0.8076897015516459,2.4692523101312873,0.7343113229145949,0.5320894351978066,,,0.31603053006097553,0.07264616422027585,0.8099807542914857,1.2707676002776376
ramp_closed,26,12370,8,12000.0,1500.0,31.136984695104324,0.7425091868805742,0.8912552920620719,2.3460431100995263,2.7220306518346127,0.7421498937637033,120,0.47748059577718305,1.451765737023007,0.853094621342596,2.707773283478792,0.7401908236050745,0.5275477729229978,,,0.33737742136356275,0.1273013012711258,0.7959305600163903,1.2826151291733454
ramp_closed,27,12371,8,12100.0,1512.5,30.873456216414077,0.7402799565139404,0.8674457154240011,2.762229878525221,2.4943234836922206,0.6896876318578545,121,0.48817463721917964,2.2980280814537046,0.8623675131980358,2.9499968975653856,0.7486065397027983,0.634224796795711,,,0.3287634741475728,0.05264773058973068,0.80836948793176,1.0193784196989981
ramp_closed,28,12372,8,11700.0,1462.5,31.872436933213688,0.7104041261237288,0.8600606990726344,2.6229662380263945,2.4915285331241543,1.0331736815401409,117,0.3916646353593318,2.211871026908146,0.8812809698363125,2.7511572178374606,0.7164358988526442,0.4970375277440732,,,0.2643689806866099,0.06229482084353469,0.8427392032143507,2.0161796289394696
ramp_closed,29,12373,8,12200.0,1525.0,30.53621542717301,0.7414788761452435,0.8777569208216235,2.6667810384388364,1.8270935050243067,0.8561199841027838,122,0.4797114586959774,1.6046049414889718,0.8480416363345582,3.055103482485023,0.754605843522624,0.6431866471044575,,,0.30591237154585227,0.08899651552440743,0.8393988576365711,1.421233480129367
ramp_closed,30,12374,8,12100.0,1512.5,30.853162635447877,0.7302865779900392,0.8957620436975877,2.333939887895699,2.731237277268799,0.8196623129000943,121,0.42803857421154856,1.254266707791247,0.8225344527908629,2.7373342628797794,0.7384779233455668,0.45955263976833965,,,0.3122756554344759,0.18594326780443543,0.8233369593342649,1.5432147349244798
