scenario_id,replication,random_seed,total_tonnes_delivered,tonnes_per_hour,average_truck_cycle_time_min,average_truck_utilisation,crusher_utilisation,average_loader_queue_time_min,average_crusher_queue_time_min,completed_cycles,edge_E03_DOWN_queue_time_min,edge_E03_DOWN_utilisation,edge_E03_UP_queue_time_min,edge_E03_UP_utilisation,edge_E05_FROM_CRUSH_queue_time_min,edge_E05_FROM_CRUSH_utilisation,edge_E05_TO_CRUSH_queue_time_min,edge_E05_TO_CRUSH_utilisation,edge_E07_FROM_LOAD_N_queue_time_min,edge_E07_FROM_LOAD_N_utilisation,edge_E07_TO_LOAD_N_queue_time_min,edge_E07_TO_LOAD_N_utilisation,edge_E09_FROM_LOAD_S_queue_time_min,edge_E09_FROM_LOAD_S_utilisation,edge_E09_TO_LOAD_S_queue_time_min,edge_E09_TO_LOAD_S_utilisation,loader_L_N_queue_time_min,loader_L_N_utilisation,loader_L_S_queue_time_min,loader_L_S_utilisation
baseline,0,12345,12700.0,1587.5,29.50277508436672,0.7711463232905591,0.9468509269400371,1.32765501160861,5.0497218706533715,127,0.0,0.0,5.822179376267838,0.03324131828160216,0.0,0.35563487968226787,0.16450035860041462,0.4245528708805223,0.0,0.1758728077821357,0.15474136187532367,0.15311760488343903,0.0,0.4697564913646799,0.003931201312783145,0.3994885525096333,0.37781427174120835,0.4920363642489043,1.689965396918856,0.9162434204161559
baseline,1,12346,13000.0,1625.0,28.78964535982471,0.7824505789788784,0.9562898506654921,1.2610611416718331,4.693994510265598,130,0.0,0.0,5.504880624248214,0.030721205393583566,0.0,0.36371971635203243,0.14855037670515403,0.4415264395559085,0.0,0.1726838310829467,0.1444872169392821,0.15462776495705072,0.0027502376087078133,0.4835491302203696,0.006732881589223809,0.41987945434684204,0.3097517556699693,0.4864464827218046,1.6001417149002202,0.9203001136287412
baseline,2,12347,13100.0,1637.5,28.518739937464467,0.7922845907357469,0.9515899090744971,1.2679932026284824,4.317253640476603,131,0.0,0.0,6.256763841230033,0.032546694406469165,0.0,0.3626988967227482,0.1442163001473111,0.4407742402539842,0.0,0.18023979801447917,0.14918732256999698,0.16004002770808673,0.0,0.48412598446376137,0.0,0.4124576934714708,0.2782529906737843,0.5197582996310264,1.6440944831712674,0.9249237623086846
baseline,3,12348,12700.0,1587.5,29.59050074116929,0.7628537222442452,0.9526061038218551,0.9378802875535455,5.7357434329220744,127,0.0,0.0,6.710412112872516,0.035302328003924056,0.0,0.3537317752967083,0.14779284037063892,0.42990123158929594,0.0,0.1668823408973257,0.1448735041882204,0.14848480605745387,0.0,0.4804148274861293,0.010425591047051758,0.4042337586083849,0.29277911590559336,0.46471532222261125,1.165946358338175,0.8780866248012039
baseline,4,12349,13000.0,1625.0,28.74244984771795,0.791310525108829,0.9514160780313107,1.5046898389471197,4.190523927431765,130,0.0,0.0,6.600648095654401,0.033277445281196576,0.0,0.361348768685672,0.17558769437975646,0.437612231778769,0.0,0.1896107384425195,0.12364585723912341,0.15845414143843664,0.0,0.46633412508827615,0.00525388709308853,0.40195434296228366,0.47173970155512146,0.5438342867290229,1.9157618323990375,0.917683752963534
baseline,5,12350,13000.0,1625.0,28.979926722606148,0.78225431903791,0.9501082548447353,1.3444111710048852,4.45678411544921,130,0.0,0.0,5.701980027952584,0.03193034213115211,0.0,0.3671379998678981,0.1458786147686089,0.43780413661524975,0.0,0.17923526160039102,0.11060084073060619,0.15444720992719846,0.0,0.46165475042395365,0.0042968377398898356,0.41301856105301354,0.5993175758370022,0.5301966941406328,1.6409280098982264,0.8946591580923177
baseline,6,12351,12700.0,1587.5,29.40200816641561,0.7777764449611666,0.9470311284162762,1.3734913380003055,4.8651389656188755,127,0.0,0.0,5.953125638022366,0.03360828674696971,0.0,0.3529586068001185,0.1670323200341226,0.4293922772847868,0.0,0.18436747590425864,0.16660671621299394,0.1593689080549821,0.0014866891276644385,0.46830396431188354,0.005721210425200389,0.39698879475350535,0.47458752187978553,0.5112508225001374,1.7293074318813448,0.9096471994764779
baseline,7,12352,13200.0,1650.0,28.43599981418095,0.7938917741816794,0.9547822192685168,1.1536689563101465,4.435413916040955,132,0.0,0.0,6.558471334749721,0.033415620456157945,0.0,0.36834162433091533,0.1854803896477311,0.4407947898815331,0.0,0.1892185738081103,0.14931644844978573,0.1636633626664556,0.0010100617862232753,0.4788397743140314,0.004503413170348267,0.4080577508859647,0.4009989925062405,0.514146538078068,1.44721024219367,0.9071448062961525
baseline,8,12353,13200.0,1650.0,28.455779192610414,0.7961784362785066,0.947513311064506,1.4858888045459624,3.9573509490096943,132,0.0,0.0,5.879567585385409,0.03278547239009164,0.0,0.37043228725015653,0.18017754627110733,0.4414136233438588,0.0,0.192270239823085,0.12936629398659444,0.16312452418326553,0.0,0.4738743688691808,0.005464952375726945,0.40244211264125757,0.5588364770417085,0.5174884305735612,1.8604554015173782,0.9383352042158798
baseline,9,12354,13000.0,1625.0,28.933362717626625,0.7775924812895518,0.952146079126942,1.2244513723750063,4.68002271726693,130,0.0,0.0,6.227356239169865,0.03323873917289284,0.0,0.3613915728254497,0.18710815214140844,0.43273763238826823,0.0,0.18257539721603694,0.12005504598365659,0.15618790191646825,0.0,0.4701761901634756,0.0013768363318655474,0.4079373717843026,0.4312983913222723,0.4875103568398773,1.517917975364518,0.9097032846248265
baseline,10,12355,13000.0,1625.0,28.974993795476635,0.7825908910553612,0.9528752342375916,1.360602414859268,4.4291812118258145,130,0.0,0.0,5.953792004325643,0.03297160677019418,0.0,0.3651299461584591,0.15620342773338966,0.4317725365404489,0.0,0.18524837410374395,0.14866196462351025,0.16145764338358606,0.0,0.47103480293608396,0.011626154046807329,0.402028505002375,0.44529747627682253,0.516009411793498,1.724856421029833,0.9233400628843657
baseline,11,12356,13300.0,1662.5,28.110832147777572,0.8059781663921977,0.9563955222591435,1.444499288422851,3.662889174556045,133,0.0,0.0,5.514918597195146,0.03214304094687861,0.0,0.3690894180402842,0.11659538976547695,0.451274068805891,0.0,0.200924465448828,0.10389383673962456,0.1676746515844112,0.0014697902866177255,0.4684067274462221,0.003511518452069829,0.4080981700785974,0.3601204207106238,0.5542697936033598,1.8935854861622583,0.917032906160531
baseline,12,12357,13100.0,1637.5,28.69215587447498,0.7920625712020901,0.9507654969362677,1.452569312645414,4.0596900231914805,131,0.0,0.0,5.950212829283645,0.032776831818348263,0.0,0.36415946937391047,0.14797262588160745,0.43951306292535797,0.0,0.186423608744006,0.15284011144577997,0.16424392986162756,0.006890551752830447,0.47950142687501046,0.0029322867509324626,0.4132175318845139,0.33949360451269883,0.5009886063234681,1.8755380817358458,0.9433711819111011
baseline,13,12358,13000.0,1625.0,28.89318900954539,0.7770006663204384,0.941816373394867,1.2499150779719974,4.804689730323651,130,0.0,0.0,5.198904233900618,0.029452778899086728,0.0,0.36087028252753645,0.19529339615256935,0.441231361645875,0.0,0.17780107062459344,0.10430187311503192,0.1611932144404577,0.003494795303607081,0.47092476615832246,0.010016011253349475,0.4016071436208899,0.4418373316922188,0.48236734770992235,1.5600863341197913,0.9031572373767944
baseline,14,12359,12800.0,1600.0,29.221650995878566,0.7770010238959233,0.9529243430556558,1.3011125328760107,4.900113584673854,128,0.0,0.0,6.0671388039153715,0.034457420026438215,0.0,0.3579182371691234,0.15451250478804635,0.43359588649413466,0.0,0.18038138389816408,0.15502900918621493,0.15042099043520496,0.0035139873150380565,0.4710439765665797,0.0026052497769040537,0.3967786480100219,0.4250461745588137,0.47378301453617866,1.631872280403932,0.9273662541334188
baseline,15,12360,13000.0,1625.0,28.8329675222765,0.787094055980784,0.9510219309393544,1.2406261669568088,4.517814526098153,130,0.0,0.0,6.684198477792449,0.033826537113762295,0.0,0.36595825511113816,0.18834116561445213,0.4371141321663752,0.0,0.19725224360251045,0.10683398538727591,0.16362777537596304,0.0,0.458062871785916,0.002339238893218581,0.4030112332177299,0.3292627389333861,0.5164699810380553,1.616446137275746,0.903522819873436
baseline,16,12361,12600.0,1575.0,29.74969277829143,0.7580901290049066,0.9562392944536298,0.9524438717918549,5.849109246110176,126,0.0,0.0,6.63688192086074,0.03394755595251291,0.0,0.34956379536487,0.12898000693665215,0.42518271591060686,0.0,0.16117867985410092,0.15384906627496853,0.139542390018803,5.734326927695017e-06,0.47349822435593963,3.6235535983129435e-05,0.4122662584666917,0.4488507294461418,0.465515196246832,1.1253950519913927,0.8835376570064398
baseline,17,12362,13000.0,1625.0,28.819701231121268,0.7849812122592448,0.9517067712126972,1.204833090250659,4.871671812077442,130,0.0,0.0,5.878396680471622,0.03118943071441459,0.0,0.36420186255989057,0.12785510245977333,0.43590849816424454,0.0,0.1833259489500298,0.13232973379466217,0.15859613709658726,0.0019836005148070918,0.46885376816323426,0.0031570712061028184,0.4009852758334352,0.43572391151049633,0.4923172902755846,1.5109071511778667,0.9068566828245929
baseline,18,12363,13000.0,1625.0,28.710408839454043,0.7854820795910715,0.9469418503706046,1.3592249554334588,4.551961091649158,130,0.0,0.0,5.813247752354439,0.030983523353259438,0.0,0.36169173955292194,0.1765698276608075,0.4371788060037358,0.0,0.17978520319268818,0.166234026915605,0.15450892360738167,0.0,0.48756603735214876,0.009293579630100197,0.4217893765871856,0.5616254234483314,0.4890720768495368,1.6543367822679558,0.9272605822517286
baseline,19,12364,13100.0,1637.5,28.574575122607875,0.7873039413518439,0.953114149103618,1.1799896197948765,4.511910463737894,131,0.0,0.0,6.965337434656899,0.03688543349279229,0.0,0.36800639831518095,0.18029865717342852,0.44289057043198127,0.0,0.17984570861300406,0.1411581996142572,0.16014815184729025,0.003909129309823966,0.48076045868802003,0.011756923398037683,0.41145749288706424,0.2219161625960127,0.48672912905519955,1.5309670249073317,0.9103513987992288
baseline,20,12365,12700.0,1587.5,29.54426863970073,0.7658928165336194,0.9490198761538237,1.236513581898546,5.146977859826077,127,0.0,0.0,6.141173072890262,0.03302031166856792,0.0,0.3565642022798136,0.15720261178283154,0.4213557264302091,0.0,0.17321813084345142,0.0684826883873965,0.14750045114153476,0.0,0.46966374994164733,0.012079563354126872,0.40546331547292586,0.34283114099770456,0.4748242966244332,1.5648050908008957,0.9031874724338941
baseline,21,12366,12800.0,1600.0,29.26887189427331,0.768235345639937,0.9457623500277068,1.1491890535096185,5.237552133358738,128,0.0,0.0,5.741419165801211,0.03240193860635278,0.0,0.3574290496484076,0.16065735774171627,0.4279461287097536,0.0,0.17556987506109742,0.1510761716127369,0.16039011109884496,0.0050677310647910135,0.4719930178920582,0.002503785408836792,0.40199259872675847,0.3822816640445003,0.48227433884381304,1.4387357209607345,0.8733154848718719
baseline,22,12367,13100.0,1637.5,28.67686326831848,0.7901660458232705,0.9381786264299112,1.5580769485436272,4.14098136911691,131,0.0,0.0,5.885892662687734,0.03339147301810995,0.0,0.36233206689812364,0.14589889849201235,0.4405292844279825,0.0,0.19560584799829533,0.14526441018587813,0.1660310366216738,0.0,0.47237895654563705,0.010120921164570102,0.4068837772232819,0.4977488008254834,0.5108822494343095,1.9908639476122574,0.9160919183600748
baseline,23,12368,12900.0,1612.5,28.972170871392567,0.785002510908946,0.9420274735572819,1.351117267793933,4.618522502623351,129,0.0,0.0,5.834672574984245,0.031238836997718213,0.0,0.36069748611532126,0.16974248184258758,0.4303610832470408,0.0,0.1914817790500841,0.10752552992384792,0.1704452937094462,0.0,0.46219996605448455,0.007611907400280653,0.3996889262721972,0.50695471097456,0.5014907311634362,1.7028516664686715,0.9051729763654738
baseline,24,12369,12900.0,1612.5,29.108997683522787,0.7818571599862644,0.9534215041343264,1.1902124998185017,4.758871224351907,129,0.0,0.0,6.0304740787026,0.0331187427839559,0.0,0.35792277749478935,0.12297424542065061,0.42030069123569386,0.0,0.17629060447061295,0.1458939056366509,0.1566513826940508,0.0,0.4694288410233381,0.008810029921255505,0.4134765072223491,0.466775964488454,0.5124836280699693,1.4605877705984187,0.9150876130724702
baseline,25,12370,12900.0,1612.5,28.840774646434177,0.7817284732095826,0.9546907251166226,1.1593322607273455,4.975072070034608,129,0.0,0.0,6.175220526751012,0.034841280260401085,0.0,0.36162432708961156,0.11455348428106212,0.431445504013097,0.0,0.17688879175299674,0.13720464744467384,0.15199508144586388,0.0,0.4853149478052413,0.00965296110157169,0.4064455742760059,0.33145355276512417,0.49372904885027113,1.4573685955937454,0.9126907631180841
baseline,26,12371,13000.0,1625.0,28.967035187626454,0.7850350021357608,0.9525006632884035,1.3560587222931437,4.460620496414413,130,0.0,0.0,6.139790822609673,0.03196605629475107,0.0,0.35716607678769674,0.11580145515572439,0.4314716628869032,0.0,0.18426178097498416,0.14976502939454084,0.16190212245421753,0.0,0.4633636214396334,0.00802996513791252,0.40175179576601994,0.29759254504360244,0.4981321484661604,1.777285058137349,0.9352797590251049
baseline,27,12372,12700.0,1587.5,29.50735987760261,0.7635959118914204,0.9529376118277961,1.2594523130980713,5.385185721689946,127,0.0,0.0,5.988202007669689,0.030818226666761005,0.0,0.3503098533598975,0.1278530415893311,0.42040601821233176,0.0,0.17014106521285147,0.1273521452426949,0.14159590211461234,0.006725362977200727,0.47162609073774847,0.0017001934581861117,0.4084810447958373,0.4300019290013417,0.4701610913826239,1.5526923478797434,0.8868083643686574
baseline,28,12373,13000.0,1625.0,28.924310780021948,0.7868004575725277,0.9420479184635192,1.5083398621978792,4.306940076602697,130,0.0,0.0,6.450807339676212,0.032591318665687936,0.0,0.3586452793778289,0.1750646251753059,0.4365844742323734,0.0,0.18880275589968445,0.09143174847809324,0.16118449934105897,0.0,0.4746907381179825,0.00180363372536263,0.4031974429812471,0.42305113708270425,0.5316724766200475,1.9402404772947346,0.9217202854297198
baseline,29,12374,13300.0,1662.5,28.373108852638477,0.8020279133460838,0.9519622613029044,1.4593876350981911,3.895191546862177,133,0.0,0.0,4.745871512312323,0.029583389068577003,0.0,0.3742234234393878,0.1150347138471346,0.43778753479785204,0.0,0.1996260397580238,0.13611457405843247,0.1732879658452844,0.0,0.46603519028238033,0.005002821599408454,0.39947915235800324,0.5760999871517735,0.54293645289526,1.8379394842180843,0.9345489558828574
trucks_4,0,12345,7800.0,975.0,24.182953700773727,0.9430847553814307,0.5546284943908693,0.6554507211162465,0.6521417953821239,78,0.0,0.0,1.1852468448058402,0.012562582618707997,0.0,0.21763504033700437,0.11601971029738453,0.25350666923849424,0.0,0.11348169763432861,0.07671924839580035,0.10198968607880313,0.0,0.2777169830371896,0.0,0.23613151101394594,0.19273937179322256,0.3286510004258648,0.8469174863533598,0.5703021441388467
trucks_4,1,12346,7900.0,987.5,23.910120104425143,0.9405957982026105,0.5766257742485412,0.4211088571762359,0.8425680062418655,79,0.0,0.0,1.2596119477082754,0.011964359983360099,0.0,0.22210979822915436,0.09338651516358469,0.26627634180929627,0.0,0.11643741292267519,0.05538978470047901,0.10211554605872071,0.0,0.27275819436796717,0.012420789771004264,0.23488234249361792,0.0722400081544187,0.31584576334973513,0.5714833610649502,0.5135886920783689
trucks_4,2,12347,7700.0,962.5,24.54298603120212,0.9293210175455677,0.600843058085688,0.3426618451670764,1.1353782044536063,77,0.0,0.0,1.3414382626145491,0.01219836842343079,0.0,0.2154904164139202,0.15201359099557024,0.2512298032027631,0.0,0.11786804773144262,0.09170773392644403,0.10296502041288674,0.0022147152051643004,0.27031825571330015,0.0,0.22847172584890044,0.05975950275483576,0.3290451386563978,0.4689575337439695,0.5013943050778153
trucks_4,3,12348,7800.0,975.0,24.261189752286572,0.9467763886643397,0.5976987386956698,0.27031760469206684,0.8670903925852886,78,0.0,0.0,1.6142208031194727,0.013654559084136436,0.0,0.21627173981150946,0.09323296153399951,0.26212267220426316,0.0,0.12523711370756332,0.053221536676950225,0.1121603989384559,0.0,0.262701172928186,0.0,0.22038831053933267,0.09308586065821009,0.3382751174671583,0.35893347670899517,0.504152016657141
trucks_4,4,12349,7700.0,962.5,24.43046781075683,0.9334281020482557,0.5627880070364858,0.4873561155370877,0.9348889848125789,77,0.0,0.0,1.9699626117427211,0.014306923784073696,0.0,0.2129964930193087,0.10887621109521549,0.2555078183619723,0.0,0.11884331538549404,0.06713293813823895,0.1026273737536317,0.0,0.26427276287518386,0.0026814775759382214,0.24242459349731563,0.22969460928231528,0.34781521752529126,0.6023835736865396,0.5109373468124111
trucks_4,5,12350,7800.0,975.0,24.216840539229192,0.9427969850564237,0.5744661934845104,0.3677897547014586,0.8405265417245169,78,0.0,0.0,1.2406428649840073,0.012193919067863497,0.0,0.22049619465248402,0.12031710175088293,0.2562757912873991,0.0,0.1273362987615943,0.03219089205014905,0.11502354675914053,0.0,0.25817725842775907,0.017201361390932975,0.21862354803140416,0.2160580623712765,0.36373925095808424,0.4422762218453662,0.4917479525558882
trucks_4,6,12351,7800.0,975.0,24.210015354002618,0.9460790666701813,0.5946480132879726,0.3053489415345312,0.8296443591016829,78,0.0,0.0,1.5765025493818907,0.013045327910056751,0.0,0.2162388287441039,0.07258219934796001,0.25471456172580403,0.0,0.12333102748893388,0.08044831524350143,0.11198098196570212,0.006048477142873956,0.26554718009886646,0.0024954355741980097,0.2334776708556428,0.21651818828622077,0.3500233888558098,0.34734166125191424,0.4998141773051169
trucks_4,7,12352,7900.0,987.5,24.020244611828062,0.9534445480718442,0.5836795741049987,0.25216892422951154,0.7072495948861691,79,0.0,0.0,1.6241713138671539,0.013386185979696605,0.0,0.21819266697528972,0.10759885127074316,0.2613177964069672,0.0,0.131168331211318,0.06171065522008368,0.11650797879293871,0.0,0.26397124940293926,0.002733382773198156,0.22070782475907105,0.14749830724062468,0.35660710045777366,0.3064425774830084,0.4898654660504514
trucks_4,8,12353,7800.0,975.0,24.214420878909234,0.9455431591017667,0.5717120684655916,0.38802447991894917,0.8063358784787923,78,0.0,0.0,1.3647926563961192,0.013752003863489,0.0,0.21995921503951615,0.1318134581638928,0.25727838766521066,0.0,0.1273330691732232,0.06324725729061005,0.11468024091716901,0.0,0.2648525235476036,0.0,0.2200390618934696,0.16143404141196258,0.3814571871907455,0.49925978609510624,0.4781983065886377
trucks_4,9,12354,7800.0,975.0,24.140883392988535,0.9451323539084657,0.5574178349843834,0.49885314608094333,0.6363655083916603,78,0.0,0.0,1.3319957724653024,0.012531108778121958,0.0,0.21560542287468037,0.13270061347907808,0.25832776235226385,0.0,0.13182136863168517,0.04684478678754242,0.11089238665916105,0.0,0.25368932529168053,0.0006173145331496761,0.2255955264422745,0.16021910151518526,0.348233364540833,0.6650916770495883,0.5309672536722957
trucks_4,10,12355,7900.0,987.5,23.984227047745055,0.9400156654527414,0.5467416067291908,0.5032160065136406,0.6787007495891175,79,0.0,0.0,1.5598647210154275,0.013337892482348365,0.0,0.22087492792881155,0.15678855280189438,0.265128024240872,0.0,0.12962394164636745,0.08128174112573691,0.10449893554378803,0.0,0.2696966598127658,0.0029112908795515375,0.23043389863143907,0.1871248749567044,0.33885601209003824,0.6499726033079324,0.5046031728603089
trucks_4,11,12356,7800.0,975.0,23.936199338353894,0.9538110150699638,0.5538901962397236,0.30325560275970487,0.5896881833184202,78,0.0,0.0,1.1870990215086366,0.013516901692095573,0.0,0.22024607562096926,0.14768828933425032,0.2631996471589134,0.0,0.13774889164074444,0.046857522668805614,0.12310455425047521,0.0,0.25070496016699395,0.0009480798049289746,0.21980395519468818,0.10330844715197386,0.3732654441910527,0.41266065016770864,0.5099389263312167
trucks_4,12,12357,7800.0,975.0,24.05908167754764,0.9415956295020569,0.547752554179813,0.5850397322100677,0.7050409152847048,78,0.0,0.0,1.40135543241084,0.013338516551367578,0.0,0.2138306806750987,0.07349459989404732,0.2594350015205619,0.0,0.12755717063527794,0.06670260126275501,0.10742445888773898,0.0,0.2635257130085203,0.005602257247849097,0.23213762502502552,0.14924288451954112,0.3455133899900333,0.7795918963576242,0.5318066599127917
trucks_4,13,12358,7900.0,987.5,23.962002530544417,0.9549540863209403,0.5848219727437154,0.2613583177885057,0.6597119567980313,79,0.0,0.0,1.2507143281197821,0.011191383627001507,0.0,0.21768888474770398,0.1432836239544664,0.2653171642190704,0.0,0.13545838398905388,0.03193355960495346,0.12400637457046321,0.003587370154470059,0.2558115967362651,0.0,0.207886994803626,0.210411094094782,0.37381632292579464,0.2892351005643168,0.4830976471257859
trucks_4,14,12359,7700.0,962.5,24.18357513957346,0.9373795612684859,0.5536792506032135,0.4965899824195128,0.8821148188727915,77,0.0,0.0,1.422079804692482,0.01397469658984612,0.0,0.21666965591675005,0.12787796007645413,0.2575430255588641,0.0,0.11925327349386584,0.06350243836365992,0.10054830294509012,0.0,0.27105230127897545,0.0,0.2382968198100296,0.16237409121708524,0.32925488179418966,0.637312462925798,0.5258747487906424
trucks_4,15,12360,7700.0,962.5,24.518758400360696,0.9506920610258112,0.5911578356796767,0.23626845624555054,0.7987537662687941,77,0.0,0.0,1.765347622690685,0.013216118551871835,0.0,0.21311481778245286,0.12596612911374497,0.2506095720884832,0.0,0.1373280362328943,0.0501692888582852,0.12286535448748227,0.0,0.24803084842970174,0.0,0.2109394007574195,0.054862200991249846,0.38113925183851993,0.3374373293681413,0.4897050852527715
trucks_4,16,12361,7800.0,975.0,24.119614685730536,0.9421770029774864,0.5609920540118984,0.36145823772853936,0.8039946587864848,78,0.0,0.0,1.648846184738496,0.013512053593635283,0.0,0.21358980197207514,0.12195376035099458,0.2568617314013723,0.0,0.12272102335565452,0.05924235675184898,0.10645597285575162,0.0,0.2676998036634055,0.010978835271204548,0.23476289142792553,0.20028831959157672,0.3427522025489962,0.4362871282921291,0.509076514181008
trucks_4,17,12362,7800.0,975.0,24.015637865759455,0.9526754363406023,0.586520382319232,0.24636127125489876,0.8074859455752965,78,0.0,0.0,1.3999437288934233,0.012208217502031738,0.0,0.21865258730119827,0.13214874116495778,0.2582160111773388,0.0,0.13315184709348743,0.05734016580627309,0.11586475883943237,0.0,0.2579413066347123,0.0,0.2260552273190925,0.13668965527722735,0.3519570277496389,0.30020006455302833,0.49579193125062154
trucks_4,18,12363,7700.0,962.5,24.421228399377647,0.9445303696842247,0.5777297847631098,0.43327685922431025,0.7260585381092639,77,0.0,0.0,1.4520055910536258,0.013417840506850187,0.0,0.21264623966018845,0.10328598242440679,0.25486244373822453,0.0,0.12803088161642648,0.06636513507723912,0.10761213928524369,0.0,0.2670732476214186,0.0029883336922042953,0.22697205496705267,0.17401712089126645,0.3456535157501908,0.5558360082544764,0.5347625082201793
trucks_4,19,12364,7700.0,962.5,24.128088531224947,0.9252642188679985,0.5750377851112911,0.49533432041096054,1.1098584064628136,77,0.0,0.0,1.9171691753834739,0.015465397475442242,0.0,0.2170170842670373,0.11724230448355606,0.2581061620678385,0.0,0.112667220613723,0.06045646125439202,0.09113290002879748,0.002933390529853464,0.28116813333612417,0.0,0.24021309126716503,0.09595696509358702,0.2901772642804029,0.6442546901903201,0.5211170291429672
trucks_4,20,12365,7700.0,962.5,24.182528536004778,0.9501438609865422,0.5592533440462794,0.3986971059400181,0.6896393946005642,77,0.0,0.0,1.44563824739903,0.012511541830882286,0.0,0.220103548039408,0.10965831708301305,0.2559137995581435,0.0,0.1318735040579417,0.019951487949476338,0.11838055486780127,0.0,0.2573386074928677,0.0,0.2234752869825711,0.1632245731901165,0.38532102787763783,0.5230976892795888,0.501435033361315
trucks_4,21,12366,8100.0,1012.5,23.557693641751534,0.9626587932561095,0.5732532823300763,0.2659099508934444,0.5333998131418347,81,0.0,0.0,1.0971066087353363,0.013544236783343452,0.0,0.22597358212634974,0.06384406037870469,0.27149628454328567,0.0,0.1322169999124812,0.0698807280067887,0.1156079365380184,0.0,0.2631820783683599,0.0,0.22209059969806558,0.13231779190805254,0.3482159858278861,0.3327060303861403,0.5047774784969449
trucks_4,22,12367,7900.0,987.5,23.6541902292426,0.9467863000864407,0.5602020386423343,0.42799987154176145,0.6794567535885639,79,0.0,0.0,1.4627868892710576,0.013442523154534917,0.0,0.22081026207865187,0.11509653297357074,0.2648922323379381,0.0,0.11782376306906765,0.07507110282414602,0.10150438541169503,0.0,0.28092630000969876,0.01475319896013105,0.23610493481407832,0.16424730637313423,0.3168943241936581,0.5436808211771242,0.5516521934320581
trucks_4,23,12368,7800.0,975.0,24.10912181629743,0.9411626220864386,0.5750356587893679,0.4038191855168037,0.8360660127496737,78,0.0,0.0,1.4507264141185416,0.011433717398609987,0.0,0.22202661731460632,0.11664768863445886,0.25786095601234577,0.0,0.1287217850173759,0.03261898075383,0.10333380521749737,0.0,0.26425050382722887,0.0,0.2302722623446833,0.17732075454739604,0.3231800386897649,0.5089791713240287,0.5351332259091403
trucks_4,24,12369,7900.0,987.5,23.997629757771293,0.9501288119206475,0.5721352127630428,0.2781114461776029,0.764019100207375,79,0.0,0.0,1.2969979333601316,0.012911370016377205,0.0,0.21741099736763173,0.10314145032257992,0.2609507639663221,0.0,0.11791940964215288,0.06662045718913728,0.10796460612821542,0.0,0.2710696322560521,0.0,0.23558814106883658,0.14536595520126333,0.3414307000794719,0.3363331527461729,0.5430743774316839
trucks_4,25,12370,7900.0,987.5,24.168720914435273,0.9506482438520932,0.5822091516551029,0.32732347104117654,0.6935248139488414,79,0.0,0.0,1.5582812182253014,0.014901287598782464,0.0,0.22029029023744015,0.1015890139273079,0.2578067975029449,0.0,0.12800041375155,0.04289598409989507,0.10296423200158143,0.0,0.2680802240877303,0.0,0.23060131856624008,0.18740702026275358,0.3485253496229658,0.3922846803311586,0.5157008163306442
trucks_4,26,12371,7800.0,975.0,24.12570625149492,0.9484220956963911,0.5683408296676057,0.3742048067181322,0.7316769966584277,78,0.0,0.0,1.515982389035976,0.013293628663312827,0.0,0.2175518322340625,0.09408679065861596,0.2533518165034483,0.0,0.1315397215217819,0.06751665748406495,0.10605529572502746,0.0,0.26589763690515583,0.0,0.23096159795661955,0.1062584945785707,0.3529935127675651,0.5057420872230078,0.5149912051213248
trucks_4,27,12372,8000.0,1000.0,23.691240214776826,0.9524134780497033,0.5626315082936676,0.2760883742101817,0.6119995950192205,80,0.0,0.0,1.429097657568738,0.012104919035865084,0.0,0.21916888192895165,0.15884455225155633,0.2656967280594679,0.0,0.12491164894535457,0.06768550261865623,0.10710685547475274,0.0,0.2736055876667956,0.0151776582249418,0.22934481636206694,0.21860343129826118,0.35597779312763234,0.3023095762401805,0.5054866200989736
trucks_4,28,12373,7700.0,962.5,24.296981441380005,0.9416385660233193,0.5613618534571292,0.5623638296201344,0.7837664481808005,77,0.0,0.0,1.68352189421141,0.013116778828427019,0.0,0.21967038064805589,0.11777416246718,0.25402948174918266,0.0,0.12440961722149277,0.03341530262301674,0.10438528837005842,0.0,0.26308109314324446,0.011754127926283069,0.23241555428275967,0.1966563788490648,0.35006025151520004,0.7256260844286476,0.5281720664384303
trucks_4,29,12374,7800.0,975.0,23.952519954526775,0.9574528517748716,0.584402520216147,0.3710604647453754,0.621368901714472,78,0.0,0.0,1.06053154223534,0.010191305526192788,0.0,0.21990184630063064,0.06174131910621698,0.26475701560106985,0.0,0.1349143730523902,0.0625569357680932,0.11711600058417285,0.0,0.2540066925466967,0.009250500315887328,0.22181213772234754,0.16484174787153918,0.3764629392194093,0.4800062019617417,0.4789698985898545
trucks_12,0,12345,13100.0,1637.5,42.204667849323904,0.5465591062144677,0.9574905725307857,2.0472912633762004,16.84494989037105,131,0.0,0.0,9.083486985789035,0.04674042640624453,0.0,0.36598641138722265,0.13000522038030804,0.4538015214189207,0.0,0.20491622347369834,0.4167079383242686,0.17985083542779717,0.0,0.4797587212454624,0.027382881618213457,0.41029063611901934,1.5163637106727739,0.5618598578922627,2.2778961600049614,0.9206997002748114
trucks_12,1,12346,13000.0,1625.0,42.61742595994296,0.5426483710773379,0.9546068049434887,1.9287725452999465,17.124715081689985,130,0.0,0.0,8.905204822108178,0.043728506642966,0.0,0.3645398992272681,0.1755239502550235,0.4522212347832581,0.0,0.19890243382458453,0.33825357360749747,0.16964567570592123,0.0,0.4781925413332033,0.0207070645686499,0.4121375098862232,1.0718075978004709,0.5441353372448143,2.2801281737747314,0.9331289006552095
trucks_12,2,12347,12800.0,1600.0,43.43886489271321,0.5302864404656662,0.954620786179745,1.6221198115283009,18.204454291589705,128,0.0,0.0,9.68389534525237,0.04640039166973959,0.0,0.35378602663628056,0.14857977173485998,0.43412752814802913,0.0,0.19104829344299615,0.45821074085546987,0.16359978314579232,0.0,0.47430242055052896,0.007330306113443343,0.4174683663136486,1.315810046424601,0.5230532745595571,1.745881332782321,0.9021005370014531
trucks_12,3,12348,12600.0,1575.0,44.02339722002002,0.5279346840683444,0.9565624898063817,1.3958194162706792,18.917045386348658,126,0.0,0.0,9.268697026353259,0.04729116092083355,0.0,0.3520787910710209,0.17885525796895674,0.4355730041194599,0.0,0.17910890933600113,0.5070970237493693,0.16221065794420994,0.0019330093636388212,0.48232156720925345,0.00815190691867634,0.4122723980835529,1.1655784737667427,0.5334792639988254,1.4841947275348164,0.8884809952543892
trucks_12,4,12349,13000.0,1625.0,42.80944410972612,0.5386076665460388,0.954608071619551,2.3141134799911014,16.7183688072262,130,0.0,0.0,9.784070368739457,0.046213053570050656,0.0,0.35659558673293856,0.16992795696976504,0.4481945190973093,0.0,0.1972456927893866,0.4299193491348812,0.17580264462649342,0.0,0.46728466817879155,0.004247571916312039,0.4081206561995613,1.5599517282208788,0.5486667784773677,2.6340608898330142,0.925620869649721
trucks_12,5,12350,12900.0,1612.5,43.242620449786074,0.5367409592341896,0.9539855839894007,2.1049087109999096,16.974661025300822,129,0.0,0.0,8.727198186403099,0.0447379532732199,0.0,0.3658337824405778,0.19351104990122345,0.4432321291275538,0.0,0.20199987794828023,0.4353497086228674,0.17977374317291128,0.0013138345922047074,0.4649377029051626,0.008006033586908625,0.39810684731316237,1.3712349123977248,0.5449120788781098,2.430145549555517,0.9111238177560448
trucks_12,6,12351,12900.0,1612.5,42.81073043058788,0.5389001970670223,0.9574528273264071,1.8650387401019695,17.693156222443346,129,0.0,0.0,9.320153379673522,0.048425141132183235,0.0,0.365800956914747,0.19975368916498226,0.44783448970799267,0.0,0.195687470712737,0.43068058257798764,0.1757658516586484,0.00028011638156934655,0.4765241244465912,0.019034677499937508,0.4139546741168438,1.4330243201932915,0.5366118993968692,2.0439538028924322,0.905971733392682
trucks_12,7,12352,13100.0,1637.5,42.53382734795795,0.5388591019378633,0.9548067549000344,1.766287411403579,17.050118465681475,131,0.0,0.0,9.693137781825804,0.04607539035387288,0.0,0.36194079662007145,0.1531595354035369,0.44874387910697705,0.0,0.20081824958603664,0.4689515514742584,0.17030142646457846,0.0,0.47887752872285877,0.0012649343998438667,0.41007210483473716,1.0920233135848658,0.5252042665619838,2.0494783324874386,0.910063844427378
trucks_12,8,12353,13600.0,1700.0,40.54836907453353,0.5607285541570145,0.9549146710358717,2.021191856478136,15.595073057964846,136,0.0,0.0,8.973734611391937,0.04536054973555052,0.0,0.3766515013999025,0.1955439021223731,0.46930303489454933,0.0,0.22285577283551905,0.42800676226926526,0.18872926410916216,0.0011015140477200823,0.49887431389485304,0.004391053696728178,0.4069988108125557,1.1268011500107695,0.5740473658778203,2.4157759916843267,0.9406635256050564
trucks_12,9,12354,13100.0,1637.5,42.42595404588224,0.5436301598702529,0.9550151589807061,1.9220578320912107,17.099662714702735,131,0.0,0.0,9.545378855449815,0.04707192655010195,0.0,0.36445217760715976,0.1847774597970702,0.45196942728157735,0.0,0.20434174433145846,0.36887229426934215,0.17314983165615322,0.0,0.4736338439653766,0.014590801602855877,0.4038146261914408,1.3918957911171495,0.5511221513613688,2.1447258893003167,0.9254985615196575
trucks_12,10,12355,12800.0,1600.0,43.253652782556316,0.5364666421752583,0.9547790493605621,2.314870414670437,17.3756499905701,128,0.0,0.0,9.033729765762642,0.045859765061653276,0.0,0.36035106614154105,0.1896394428732862,0.44065946069517997,0.0,0.1898004468446026,0.46275106816300615,0.16447540688160783,0.0,0.47493171739577905,0.007436382170579471,0.4204316353247331,1.763278660838203,0.5388632250444287,2.537735769754168,0.9292906133925212
trucks_12,11,12356,12400.0,1550.0,44.77467001255093,0.5147917727986119,0.9591546922746145,1.7935705021891069,19.04436253106672,124,0.0,0.0,8.978502535337762,0.045876304692681606,0.0,0.3442201178682519,0.1735850759453404,0.42788179377191254,0.0,0.1817863435839376,0.41716938083325766,0.1520224403267597,0.000631503926916357,0.45853652957429164,0.033974117440481975,0.396851503677836,1.2692559413066733,0.4939324699170147,1.9915259996651278,0.8810044473330827
trucks_12,12,12357,12600.0,1575.0,43.811868479784984,0.5317047136124374,0.9554836476729651,1.9640704249402203,18.079561054266488,126,0.0,0.0,9.01683202831377,0.04553989941711101,0.0,0.35498219907493755,0.15244055637112225,0.4344117477139668,0.0,0.19945169363848858,0.4942965159832595,0.17201396869562616,0.0009708193036194362,0.45673820147641114,0.011356627154823969,0.3931306503799662,1.447718180062529,0.539239508058099,2.1769991857145263,0.9223804847580024
trucks_12,13,12358,13100.0,1637.5,42.10243701656643,0.5504100233938738,0.9484784369198255,2.294477745236363,16.217518011760994,131,0.0,0.0,8.084982895063197,0.042167670675205694,0.0,0.363321639942302,0.2003058643456396,0.45718095357557176,0.0,0.21243326956832925,0.39199891888771704,0.18346073786341485,0.0,0.4678462337188672,0.004642353617712825,0.4044333243383608,1.6280144520595368,0.606612757249454,2.5937061625810602,0.9331249010976815
trucks_12,14,12359,13000.0,1625.0,42.635951958879204,0.5406574447681138,0.9540454911457998,2.05930528257371,16.93659389023753,130,0.0,0.0,9.310416354617779,0.046835383911741725,0.0,0.3637412967415013,0.1254413204250005,0.45688670968290296,0.0,0.20457980244609794,0.47792717512299276,0.17822587991451677,0.0,0.4718669629599376,0.026087280274420293,0.4059459694408853,1.2756829977942075,0.5381415691468995,2.3917511003589533,0.9220633607887069
trucks_12,15,12360,13100.0,1637.5,42.36099612753621,0.5452425653791235,0.9550106478430432,2.0629677095912218,16.654072453470757,131,0.0,0.0,9.562865742519893,0.04520183078694321,0.0,0.3649108109015715,0.15128354863682128,0.4483458083041582,0.0,0.20860035714188363,0.3952542561071269,0.18232841468047564,0.0,0.4605422059620923,0.007705224405021978,0.40680348129880817,1.3412544368841235,0.5772699578166496,2.3764391310700628,0.923696189829702
trucks_12,16,12361,12500.0,1562.5,44.38145515784371,0.5193196722430725,0.9534550339409802,1.5961850726956197,19.075286100037722,125,0.0,0.0,9.636906565471094,0.04633029039162948,0.0,0.3521046400757302,0.16015732377821107,0.4379472919193178,0.0,0.17063948637374657,0.4681802607263463,0.1509733533803331,0.0003193295927893805,0.4705241114759913,0.00857623871092678,0.4078775892511208,1.5511679856123315,0.5023489243386707,1.6130096405954344,0.8884548778270094
trucks_12,17,12362,12800.0,1600.0,43.11686029323887,0.5326844736045389,0.9560975545404634,1.8315648530928066,17.74989731913064,128,0.0,0.0,8.915261309931267,0.0435042900997802,0.0,0.3562009352148616,0.16666330285599204,0.44152889873820433,0.0,0.2005932464641221,0.4096049845281178,0.16491000597919137,0.0018936756353402685,0.4707958794601389,0.005369045327541079,0.39668043681956777,1.3166373128946516,0.5420051630893558,2.0469937219512184,0.8919194485274461
trucks_12,18,12363,12900.0,1612.5,42.91054697047996,0.5306605233482344,0.9556465745126561,1.5838925489863962,18.0647183026207,129,0.0,0.0,8.770598437579732,0.04324072582155103,0.0,0.36006941478857313,0.16543215879778428,0.443803382293713,0.0,0.18553555037991495,0.5044938516690489,0.1550578057869884,0.0003453998449160446,0.4868542379255458,0.0019968247377345635,0.4230481217325831,1.5633859400421808,0.49635533785253577,1.591532266044045,0.9057891553416347
trucks_12,19,12364,13300.0,1662.5,41.71725695179289,0.5530724127181632,0.9528403110909823,1.8464572466235198,16.13949508585748,133,0.0,0.0,10.210833319519182,0.05089832196347373,0.0,0.3683246386133489,0.18412118666575406,0.4587986998889016,0.0,0.22181809236388836,0.4114345401556582,0.18288082292242228,0.001245750514091613,0.46873354337248657,0.006418791806365453,0.40499096502202875,1.038864939806767,0.5956045895304168,2.225531186557914,0.9147313678408057
trucks_12,20,12365,13300.0,1662.5,41.95027215264557,0.5439439647568883,0.9568784846779779,1.8856636153505164,16.714944683830364,133,0.0,0.0,8.582196207975363,0.044364691154326584,0.0,0.3700890113157938,0.1577063686106724,0.4483167470507315,0.0,0.20455862595236635,0.3084188288867564,0.17750922951051476,0.0,0.47469222308442577,0.0036019990023322635,0.41166884396432085,1.1746963501782992,0.5478558717169909,2.198489212026292,0.9282562508044716
trucks_12,21,12366,13000.0,1625.0,42.56124184061616,0.5460597586034769,0.950682732840668,1.9484522067746177,16.957161474693308,130,0.0,0.0,9.041911676298213,0.046815169782046716,0.0,0.3653298670914176,0.17124406566294398,0.4546881031553358,0.0,0.2021476545472847,0.4544656307451635,0.17734656817244895,0.004381539962192812,0.4778224456225295,0.010020944205668174,0.4069702816397951,1.253525193452807,0.5898412115181485,2.24326972757781,0.9119755931684883
trucks_12,22,12367,13400.0,1675.0,41.28605259469264,0.5586618074606752,0.9556060600288051,2.1484588427351468,15.62520011642582,134,0.0,0.0,9.057587066733372,0.04562913085475322,0.0,0.3760799594568733,0.18237062136712914,0.46142768775535903,0.0,0.2141810162890207,0.4205325922739118,0.19250596119393001,0.0,0.4721042974057958,0.014195313777472856,0.4096334053662559,1.0854530537379763,0.5947193345529295,2.6423807244914075,0.9433831297555699
trucks_12,23,12368,13000.0,1625.0,42.35985095424518,0.5405281736201412,0.9511889809511723,2.139278722319428,17.152809126154263,130,0.0,0.0,9.087961439393021,0.04432588043901156,0.0,0.3632292518597828,0.17815699495728704,0.4549222886160589,0.0,0.19643527452010623,0.3975243846172403,0.16960954197184605,0.0023229449216902896,0.4898138583775836,0.003300074112536125,0.4116036240167868,1.5924036597104414,0.530221692707593,2.3558629055309073,0.9208029616125738
trucks_12,24,12369,12900.0,1612.5,43.00434809632619,0.5379296216510174,0.9554941472497008,2.038939795550415,17.329607159424224,129,0.0,0.0,9.570885537056084,0.04749624529985553,0.0,0.3590289400079566,0.1237719660948817,0.44027492659235995,0.0,0.203652976213432,0.45986518499940116,0.16889471552106877,0.00018785880764722384,0.46033337336190894,0.008020582634690118,0.403788456676277,1.4534475775271614,0.5559328363864808,2.2814163706913586,0.9294270389196747
trucks_12,25,12370,12900.0,1612.5,42.530873729770775,0.5418820243476031,0.9546907251166227,1.8728750144331792,17.407371081780937,129,0.0,0.0,9.576246602841428,0.0487345024079344,0.0,0.3556437148473794,0.10611032829289022,0.4460549792888281,0.0,0.20127015677599208,0.4048080714040225,0.17035332013431828,0.0027907917709591615,0.4754071528492393,0.015782913026798105,0.4134460792018873,1.2906137604083494,0.5633716692066982,2.122415551872392,0.9130436435495127
trucks_12,26,12371,13100.0,1637.5,42.52228831370658,0.5445509808852413,0.9530218825942715,2.090302629518947,16.63041117933092,131,0.0,0.0,9.107622702468548,0.0440883759753328,0.0,0.36202585052372455,0.1996591753007465,0.4417380513636375,0.0,0.20976739518977539,0.4466059040546859,0.172997396203601,0.0,0.46374698722486585,0.0031131129412834972,0.4021088494450583,1.2688620659714072,0.560507159478351,2.447089944999192,0.9449811341565105
trucks_12,27,12372,13300.0,1662.5,41.74351210345094,0.5468794994821384,0.9536564240156458,1.9613204750594089,16.616842393222164,133,0.0,0.0,9.116242392180581,0.04360824914771925,0.0,0.3666109642992508,0.10860242873107145,0.4533954684033947,0.0,0.21295706397496186,0.4274043839253603,0.17558070162392775,0.0031020796946852076,0.48760670374451986,0.0,0.421052524424377,1.3387227437232456,0.5388170165770225,2.2176842467860642,0.9314150114555996
trucks_12,28,12373,13200.0,1650.0,41.90209394007706,0.5528970305594916,0.9518696729164577,2.022756133246227,16.174570311484494,132,0.0,0.0,9.92759231184394,0.046041200715075385,0.0,0.3727306169979133,0.20288449090204028,0.45934575972148284,0.0,0.21720153637570463,0.32567775746731076,0.18776442012112735,0.0,0.463826235039048,0.013547925617035892,0.40343196480161586,1.4306759297770044,0.5924531475488435,2.2946296960637276,0.935123435625341
trucks_12,29,12374,13200.0,1650.0,42.29155123171482,0.5462748113004131,0.9567911251254777,1.9122222450265078,16.601971433112578,132,0.0,0.0,8.472762300840357,0.043730843623732384,0.0,0.37037470371767234,0.17030337231693757,0.4512491624647435,0.0,0.20903974493545535,0.3923657601706251,0.1811438833802539,0.0,0.4806417085646408,0.02649976264354688,0.40925404661141995,1.2856864321556756,0.5556522742522332,2.181632644560966,0.9255705327683024
ramp_upgrade,0,12345,13100.0,1637.5,28.662438649087417,0.7885234430392236,0.9534895089873029,1.331638883039223,4.684814526395633,131,0.0,0.0,0.0,0.0,0.0,0.37000665662605287,0.12586076220192047,0.4378385665018136,0.0,0.18765134081604687,0.1457413608979338,0.16445391345552807,0.0007866140286306621,0.473437315624736,0.18970159217668375,0.4016644734966571,0.37488317709828983,0.5136442400430418,1.7085426459856512,0.9057806143489096
ramp_upgrade,1,12346,13000.0,1625.0,28.814178487528945,0.7847713735101123,0.9547268462827275,1.3372734966307844,4.606528842455239,130,0.0,0.0,0.0,0.0,0.0,0.36405347845042185,0.16605316491791894,0.4392457284683484,0.0,0.18400207805932986,0.13593727685202459,0.1600622033642524,0.002485817789026368,0.4753831233594646,0.170976352348814,0.40479898955511134,0.23376760337525956,0.5065291573801448,1.7608414152541172,0.9119239663020259
ramp_upgrade,2,12347,13000.0,1625.0,28.803123374710264,0.7826467157954439,0.9501499405511485,1.176043864901749,4.8416443608137785,130,0.0,0.0,0.0,0.0,0.0,0.36411144677803714,0.1558300272741836,0.4390963919417106,0.0,0.17858700847875356,0.15593867884257073,0.15186384788946136,0.0,0.48220113892651345,0.1981102133569629,0.4121607145035534,0.2728492961424533,0.4967917982134392,1.5102258553426884,0.9270115279186567
ramp_upgrade,3,12348,13100.0,1637.5,28.657681464823845,0.7850045157775829,0.9584542966093008,1.4372670338897129,4.3887824336695145,131,0.0,0.0,0.0,0.0,0.0,0.3690876222511314,0.12684116527878653,0.43916161332640535,0.0,0.17682441968768822,0.13969076971650396,0.14954378366770327,0.0025535363071905594,0.4836643531273785,0.20370332677974667,0.41844349240644046,0.4098588305834491,0.4932559678951117,1.8136442964870572,0.9307680956682339
ramp_upgrade,4,12349,13100.0,1637.5,28.706291906506966,0.7829790962587426,0.941382900709066,1.4613459077647308,4.545818749480844,131,0.0,0.0,0.0,0.0,0.0,0.36617180306852865,0.19735114515576116,0.43089759704035674,0.0,0.19007244430545803,0.12819645725295287,0.16698626858675744,0.0,0.46896757288235585,0.18506993194877047,0.40224870628647574,0.6714400793641826,0.496915501550601,1.7725209310740375,0.8963384567017099
ramp_upgrade,5,12350,13000.0,1625.0,28.87134652127995,0.784596441209646,0.9544700761933284,1.3614325961557296,4.722021491304181,130,0.0,0.0,0.0,0.0,0.0,0.3648455525284934,0.12730608521459985,0.433068232738042,0.0,0.18087143116783283,0.10593530583909376,0.15732534900142697,0.0017255574688576159,0.47213262528605154,0.1967696177375106,0.4074939965263968,0.4650447103664974,0.5175848974780238,1.7055006735293743,0.9095243234410284
ramp_upgrade,6,12351,12800.0,1600.0,29.331122118757627,0.7749653297229542,0.9473336925842323,1.3574062743504314,4.920197713914813,128,0.0,0.0,0.0,0.0,0.0,0.35730125103067334,0.15966979770294296,0.4250669154690352,0.0,0.17626136912430918,0.1754159180196486,0.15904755890681763,0.0,0.47512580376489755,0.19950142435205903,0.40511669226613944,0.45286175999318584,0.5025461217785618,1.6989179787506157,0.904481351509155
ramp_upgrade,7,12352,13300.0,1662.5,28.070685225001967,0.8046258424314509,0.9465694906861242,1.4777770186378472,3.7917298751177606,133,0.0,0.0,0.0,0.0,0.0,0.3715364411865872,0.1159381342246898,0.44647376691593516,0.0,0.19722690692478656,0.14306029978455276,0.1676529108360048,0.0,0.48027387354659634,0.19301791915664834,0.4082850444893341,0.3892637697749681,0.5329532396204052,1.928575434833585,0.9430097091609778
ramp_upgrade,8,12353,13200.0,1650.0,28.54720839716763,0.7874166513304655,0.9529181867809838,1.441067174143863,4.421232252674428,132,0.0,0.0,0.0,0.0,0.0,0.3641642379648643,0.13704092295370765,0.4347088342513794,0.0,0.1844658641170368,0.13933328616230237,0.1531998896388219,0.0010208689579353709,0.4906646308341495,0.15213790948248382,0.41096558841918013,0.6265143962471825,0.5144187874326162,1.7365422014201097,0.9347072761801214
ramp_upgrade,9,12354,13200.0,1650.0,28.488495092027048,0.7845862836665121,0.9565432539493778,1.383725288893401,4.465494339076615,132,0.0,0.0,0.0,0.0,0.0,0.3695667472382841,0.11211019382076891,0.4326356629543806,0.0,0.17993102293165267,0.11957194753684086,0.1561082643738281,0.0010698251590268932,0.4776438865694164,0.1722834371103487,0.41489674987705627,0.40944027878650197,0.48445366770369297,1.7371424004027665,0.929388091908655
ramp_upgrade,10,12355,13200.0,1650.0,28.57165614158478,0.7875308608748155,0.9468682966906994,1.4502501166209953,4.292139030642726,132,0.0,0.0,0.0,0.0,0.0,0.36377296627305283,0.13250100446457858,0.4394260510741714,0.0,0.17794477768089995,0.15404772182936446,0.1524551895638682,0.0,0.4782258490011196,0.17500051945018708,0.42587085383942264,0.6286198045772706,0.5011054118794213,1.7593783528354663,0.9318275578268881
ramp_upgrade,11,12356,13500.0,1687.5,27.77365109171735,0.8063748399656662,0.9507032428522598,1.6508162009809513,3.3854336963219445,135,0.0,0.0,0.0,0.0,0.0,0.37970166428107,0.1419796493671275,0.44866511483685984,0.0,0.19897020071794985,0.11220537065337863,0.1711990535830358,0.002588641553479298,0.4790986331776112,0.2173481357438972,0.4134440507271665,0.3199972089443817,0.5223360450607895,2.191049653193816,0.9470165788491328
ramp_upgrade,12,12357,13100.0,1637.5,28.575936235509843,0.7945514509977997,0.9435362091109182,1.5752454905140147,3.9538790919996893,131,0.0,0.0,0.0,0.0,0.0,0.366019813108079,0.18149380937610696,0.43703855815702664,0.0,0.19099466771903284,0.14907538002321505,0.16368111045610803,0.0,0.464303449908796,0.19887958385177676,0.4170692453639566,0.3801733979194187,0.5248427518009132,2.0460314663846133,0.9395730246658693
ramp_upgrade,13,12358,13400.0,1675.0,28.11567940671606,0.7945654319034753,0.9497296630894028,1.4560696687698644,4.062613039748296,134,0.0,0.0,0.0,0.0,0.0,0.37362545365492983,0.15591270547435432,0.4450860772986852,0.0,0.17856066805685067,0.10690410316744338,0.15591701018181445,0.0010901822854217482,0.48477847020412485,0.1387859244605793,0.4173688597162131,0.42656574541572617,0.5084930560575762,1.8358866502014883,0.9437635443544165
ramp_upgrade,14,12359,12800.0,1600.0,29.375488378350877,0.7771153352909796,0.9419549647196354,1.4279363398748117,4.900332046454997,128,0.0,0.0,0.0,0.0,0.0,0.3574616008842321,0.1486910961274492,0.42934996576978907,0.0,0.18746633400825793,0.1466042597551465,0.16188605774233764,0.0,0.4557702831144374,0.17122873343688394,0.39706170571935,0.46422141467465633,0.5107210401442523,1.8194455282373747,0.9250660272267174
ramp_upgrade,15,12360,12700.0,1587.5,29.49805840474006,0.7648470671904735,0.9529195186924089,1.456116222566906,5.17635863441311,127,0.0,0.0,0.0,0.0,0.0,0.35173445850427154,0.1710472054176737,0.426522216635442,0.0,0.17200138748305616,0.12674861465884474,0.15417669611877816,0.0,0.4600770952328276,0.1814701935829855,0.40193328493370195,0.30332978812405703,0.46951517811425775,1.8795887903214221,0.9059051294517181
ramp_upgrade,16,12361,13100.0,1637.5,28.813561117929208,0.7771436644574222,0.9483530518530782,1.352576955468163,4.829717790931462,131,0.0,0.0,0.0,0.0,0.0,0.3616577935841157,0.14477279312041932,0.43669384689691715,0.0,0.17827080483204616,0.13937649393441262,0.14875980963437616,0.000114587535771498,0.4816258498327418,0.19855419355442006,0.41859159881156566,0.5056110284848395,0.47034323703198744,1.6628516019868063,0.9107830597883833
ramp_upgrade,17,12362,12900.0,1612.5,29.12363023999657,0.7699172269426564,0.9603770239760189,1.1514128160099792,5.366381394340095,129,0.0,0.0,0.0,0.0,0.0,0.35904269704602343,0.16239128061173314,0.43201492943407765,0.0,0.1702968583937701,0.15068504604447167,0.1415203884804063,0.006100735648809542,0.4828813929279358,0.17579415122472464,0.41292979356856374,0.37619620805942694,0.46833811614572485,1.4200522346067053,0.8893826106331476
ramp_upgrade,18,12363,12700.0,1587.5,29.43755475530472,0.7673211724231415,0.9544183060172151,1.1875643465839443,5.434444692799649,127,0.0,0.0,0.0,0.0,0.0,0.35011996280073926,0.13371591237232483,0.43167276124662146,0.0,0.16907261957911227,0.17829530954773912,0.14691855617569008,0.0008287787715349311,0.4757205854155008,0.22142886049317528,0.4126440699128083,0.6279217523017362,0.4745740046896167,1.3854177890069472,0.9001396506569421
ramp_upgrade,19,12364,13100.0,1637.5,28.485642928812343,0.7907531522414464,0.946447141670648,1.422427811482464,4.40243073650905,131,0.0,0.0,0.0,0.0,0.0,0.36483152412198383,0.16476532912820774,0.4469594677161993,0.0,0.18911430306066704,0.1343488198776285,0.16140846228402725,0.0017785718731261257,0.4776924779946144,0.15077414837781059,0.4125054981713968,0.41986451247908785,0.4916269458860635,1.8173769898777334,0.9165962425097944
ramp_upgrade,20,12365,12800.0,1600.0,29.211772609099416,0.7660919569791996,0.9579945250378903,1.2068709511687368,5.3655447573862185,128,0.0,0.0,0.0,0.0,0.0,0.36289492807531354,0.12977733449674037,0.4272147977346949,0.0,0.17424949666373835,0.07360025537314036,0.14975885173552772,0.0,0.4692923474535015,0.18312955323670346,0.40981936525006285,0.3314277670175951,0.47221841451770125,1.5252139272236975,0.8760770972463257
ramp_upgrade,21,12366,13200.0,1650.0,28.572472690096642,0.7871102548176494,0.9530635870626369,1.419571951798383,4.241575843562883,132,0.0,0.0,0.0,0.0,0.0,0.3647318554130112,0.20124278559071532,0.4314220243872777,0.0,0.18031028600587168,0.14917119423910816,0.15451554411401616,0.0,0.47933365392975974,0.17822574166375643,0.4172633400573838,0.4115392648771018,0.505474043832409,1.7988317746004492,0.9268257036603827
ramp_upgrade,22,12367,13100.0,1637.5,28.751673518965095,0.7797744107517032,0.9467733338145982,1.3854017115792967,4.6497342090269616,131,0.0,0.0,0.0,0.0,0.0,0.36257027591420393,0.12880475192345817,0.435306358559219,0.0,0.18402646494596844,0.15505369962731735,0.16572500260142148,0.0014461207311234148,0.4868187351400646,0.16968415176269494,0.4071242139044486,0.34882125777412915,0.4805802118911689,1.7793022840252604,0.8952098133065499
ramp_upgrade,23,12368,12900.0,1612.5,29.0151534858817,0.7807738258498734,0.9566432982328251,1.1205080412435882,5.168742918087327,129,0.0,0.0,0.0,0.0,0.0,0.3590638968356377,0.10561832761501436,0.4382559846407859,0.0,0.17779352760965406,0.12134586323484493,0.14877895735509056,0.0,0.4805364960107452,0.1801097399199909,0.4104597821079228,0.44182905180483245,0.49385380523160255,1.3741557443671637,0.9249791545186414
ramp_upgrade,24,12369,12700.0,1587.5,29.453948592498563,0.7651317900456196,0.9527458936541584,1.4696846545728297,5.07720486998343,127,0.0,0.0,0.0,0.0,0.0,0.345799935720948,0.14723950365797733,0.4264827904696887,0.0,0.17952089509926997,0.14561122441317573,0.1525048400939389,0.0,0.4617902046219806,0.1935854570314547,0.40687698439690273,0.40187412347707446,0.47023756403547556,1.8769938262279116,0.8991870017808156
ramp_upgrade,25,12370,13100.0,1637.5,28.582329594852624,0.7890807256209433,0.9558052289835618,1.3766434466586377,4.495208536094883,131,0.0,0.0,0.0,0.0,0.0,0.363987563787992,0.10857465210203512,0.4346554456666061,0.0,0.18270567592160566,0.13521397717452577,0.1585470932403726,0.0,0.47846584631511807,0.17618829090614258,0.40907500518560636,0.4411635950004339,0.4998044551006021,1.7321257902887552,0.9257139647528412
ramp_upgrade,26,12371,13000.0,1625.0,28.877013937491895,0.784926140454229,0.9525658443260923,1.3885228891998223,4.6281033111733185,130,0.0,0.0,0.0,0.0,0.0,0.358526579706914,0.15518394070706049,0.43083751210264276,0.0,0.18262343789398292,0.1533410749150951,0.16378429283211277,0.0,0.4728430461083083,0.18553093636661175,0.40966573736984807,0.3071324160388285,0.5055004786163406,1.8036020607161634,0.9140069223294203
ramp_upgrade,27,12372,12900.0,1612.5,28.911575573088925,0.7816837350540666,0.9520774890519139,1.4938367560558121,4.709160903731586,129,0.0,0.0,0.0,0.0,0.0,0.35498075298542225,0.14481125694163913,0.4332835445576233,0.0,0.1807003636695295,0.12879128711919394,0.1562619607428103,0.0040871400715990274,0.4742175540624517,0.2074764946051415,0.40590040210980677,0.6195415416811362,0.5042856459389939,1.8205935533473576,0.9339601806027938
ramp_upgrade,28,12373,13200.0,1650.0,28.374816182059174,0.7960067448858186,0.9553015823413233,1.543596109405982,4.101263958002903,132,0.0,0.0,0.0,0.0,0.0,0.3713459846632501,0.16156852464401694,0.4485235235785956,0.0,0.1930154506117522,0.08753722266168215,0.1630021171521201,0.0,0.47826649222435896,0.18007926857261936,0.40648119932504123,0.42004447278787665,0.5160727480099802,1.9975563666254186,0.9262008320269072
ramp_upgrade,29,12374,12800.0,1600.0,29.27743190200228,0.7719981451641269,0.9537539783824344,1.2105322929157,5.1912807300698605,128,0.0,0.0,0.0,0.0,0.0,0.3631295600876827,0.13400330337935945,0.4319315910874295,0.0,0.1772404148942105,0.1570581341646463,0.15000582050692016,0.0,0.4664729534904246,0.13720764924143486,0.3986300282444371,0.4795502161631479,0.4760819924531275,1.4865153218937044,0.912171213675622
crusher_slowdown,0,12345,6600.0,825.0,55.754260449813316,0.4929029959710409,0.9574905725307857,0.41585339074653693,27.16265925742886,66,0.0,0.0,5.822179376267838,0.03324131828160216,0.0,0.18434263904135817,0.16465153843397384,0.23027661826242146,0.0,0.1346445519214213,0.20447965676382054,0.11509019091825441,0.0,0.21070333551698867,0.0,0.18837326825641926,0.4581282749692666,0.3704334913090433,0.3895490183412829,0.4476577955411285
crusher_slowdown,1,12346,6800.0,850.0,53.84253855659493,0.5002472372898809,0.9591350735061344,0.3247806087251312,26.489081008290242,68,0.0,0.0,5.504880624248214,0.030721205393583566,0.0,0.1893877069855314,0.17046901692399777,0.23994197536743264,0.0,0.1335336186192478,0.19264962258570947,0.11530539729928377,0.0,0.227322998380703,0.0,0.19335591467827032,0.2922568943304323,0.3758339723409174,0.3430751980721493,0.44205781612762884
crusher_slowdown,2,12347,6300.0,787.5,57.574191705069836,0.4779668837645073,0.9546207861797449,0.3080938981367023,29.53108410422535,63,0.0,0.0,6.256763841230033,0.032546694406469165,0.0,0.17330636710656833,0.2610705351631535,0.22535792342685793,0.0,0.12562230209560907,0.209967342876292,0.11243823449299217,0.0,0.2113262579050972,0.0,0.1730826593139448,0.3327494139044419,0.37520571892114846,0.2926125277709123,0.40285325324092996
crusher_slowdown,3,12348,6300.0,787.5,58.13583252367714,0.48034306559916345,0.9555644857725982,0.22408753084402144,29.788986078416936,63,0.0,0.0,6.710412112872516,0.035302328003924056,0.0,0.17635998443485637,0.10535282842999319,0.22036476038087718,0.0,0.1432304444210624,0.17484733264095564,0.1239727619195077,0.0,0.19890872697323125,0.0,0.17389674832020016,0.3533541054033023,0.3852417221584515,0.1326550756679447,0.37483578578680965
crusher_slowdown,4,12349,6400.0,800.0,57.02003862096873,0.48225554700227186,0.9548109536543135,0.5532228369929693,29.049289712647298,64,0.0,0.0,6.600648095654401,0.033277445281196576,0.0,0.1768164315656632,0.1742001217774538,0.22573567720226922,0.0,0.13030153897404445,0.1722210154402076,0.11652404533332864,0.0,0.20579407822185675,0.0,0.17525659060300572,0.6003567291948958,0.3850730190555751,0.5225310002103194,0.39994688607190443
crusher_slowdown,5,12350,6400.0,800.0,57.31584888747086,0.48120134967122224,0.9567257136134474,0.46634757011411665,29.11320435037012,64,0.0,0.0,5.701980027952584,0.03193034213115211,0.0,0.17945221244342172,0.12690793208972795,0.22360343584412148,0.0,0.12931893908456749,0.14197404800304503,0.11177047306480624,0.0,0.2030843228132579,0.0,0.18132165336098643,0.5854535210664741,0.3645013127210794,0.3932598274842609,0.407371267216906
crusher_slowdown,6,12351,6600.0,825.0,55.556924350446714,0.4933520100703321,0.9574528273264072,0.3478449481633238,27.454442983354056,66,0.0,0.0,5.953125638022366,0.03360828674696971,0.0,0.1803150022462803,0.17770122670494223,0.2312550655236483,0.0,0.13926614990057756,0.22610911486049176,0.11944725279960659,0.0,0.21608369995974255,0.0,0.1899042997477082,0.5357922905735725,0.3861548662772017,0.2308999351080579,0.42447435249605936
crusher_slowdown,7,12352,6600.0,825.0,55.982385341713915,0.48721370245170015,0.954782219268517,0.36831030133753445,27.938805905618327,66,0.0,0.0,6.558471334749721,0.033415620456157945,0.0,0.18730775450343284,0.17111842574719915,0.22839068927327535,0.0,0.13222256778127353,0.2079764817693444,0.11471642122251939,0.0,0.21539747311676247,0.0,0.19091718843004646,0.4102806903102828,0.3699258448723464,0.3421953926433799,0.40615038204260695
crusher_slowdown,8,12353,7000.0,875.0,52.538233948763526,0.5067227708238446,0.9561722697956302,0.4158860928100185,25.14835468272587,70,0.0,0.0,5.879567585385409,0.03278547239009164,0.0,0.190892028295558,0.170273830191372,0.24164080230500767,0.0,0.13755516810073898,0.18480899140942064,0.11187122250334264,0.0,0.23835809167049138,0.0,0.20019186084063917,0.6006791739308859,0.38813124190648396,0.31029004645523706,0.43289546821995445
crusher_slowdown,9,12354,6600.0,825.0,55.31471121177869,0.49028952660611613,0.955015158980706,0.39360879704466095,27.71260712154568,66,0.0,0.0,6.227356239169865,0.03323873917289284,0.0,0.18120768827862463,0.15681583649060993,0.22828191170334158,0.0,0.14206725225479747,0.1531736793584584,0.11759119308130787,0.0,0.2111916055568246,0.0,0.17962251234649768,0.5223893212103645,0.3944087540920963,0.3087307242990836,0.3977475862484189
crusher_slowdown,10,12355,6500.0,812.5,56.27961020549444,0.4836306334341716,0.9555133796098718,0.49021328763530914,28.33183188375779,65,0.0,0.0,5.953792004325643,0.03297160677019418,0.0,0.18432227904486184,0.15873055904456868,0.22696267035225717,0.0,0.12914282737139005,0.22299294693526536,0.1059593170318065,0.0,0.21844776086334203,0.0,0.1898978577559241,0.5640383051614464,0.3481045186236412,0.44848610381618803,0.4388996644159967
crusher_slowdown,11,12356,7000.0,875.0,52.363212921064374,0.5111396232830174,0.9592620981821776,0.47310888044040383,25.154461987431663,70,0.0,0.0,5.514918597195146,0.03214304094687861,0.0,0.19176480100881754,0.1473529186650629,0.24565590237139598,0.0,0.13901817266771913,0.15213026094016452,0.11746027082640216,0.0,0.22395038718978874,0.0,0.20213188184638162,0.3847749679880829,0.38121525893778824,0.5235854018417301,0.48020184703729174
crusher_slowdown,12,12357,6700.0,837.5,55.09298400616053,0.4998704139259788,0.9583547956708142,0.36632083393917514,26.99877427152833,67,0.0,0.0,5.950212829283645,0.032776831818348263,0.0,0.18430719895569098,0.1740289037881358,0.23320205827139157,0.0,0.14182437439424117,0.2002732494806772,0.12516381691032666,0.0,0.21697103492591158,0.0,0.18721518416982671,0.37308081286571637,0.3758405471741535,0.36196440307540406,0.4467037646034528
crusher_slowdown,13,12358,6700.0,837.5,55.074546622494545,0.49520206759413554,0.953174733585217,0.5677289311709406,27.043731254980543,67,0.0,0.0,5.198904233900618,0.029452778899086728,0.0,0.18406133404745437,0.212356553056195,0.23266823590182872,0.0,0.12493323271822018,0.14155254208468618,0.12063561125406118,0.0,0.21857634880706786,0.014869580773036987,0.18396869406958746,0.5611282124991804,0.38120128703516065,0.5717467599276641,0.43763084168616523
crusher_slowdown,14,12359,6500.0,812.5,56.86851121995519,0.4903820958542561,0.9555915132283802,0.3605981077232997,27.74633599754862,65,0.0,0.0,6.0671388039153715,0.034457420026438215,0.0,0.17902926630831625,0.17808067262251515,0.22527144424466553,0.0,0.13350398827637946,0.19779563240999837,0.12079310760013436,0.0,0.21253626935228404,0.0,0.17743138823586213,0.46918088004648056,0.3901767491164854,0.2873678659239452,0.42518589264275897
crusher_slowdown,15,12360,6500.0,812.5,56.74461461239923,0.4838568677552079,0.956935955978808,0.3390937738181659,27.848552846512955,65,0.0,0.0,6.684198477792449,0.033826537113762295,0.0,0.1821299332771879,0.20452405353182623,0.2226831112060026,0.0,0.14352715105442176,0.14244531384970122,0.12431551049710038,0.0,0.1965297552694226,0.0,0.1744059193021666,0.3639957457488684,0.39380312724115446,0.32130665101052125,0.3786915708777954
crusher_slowdown,16,12361,6400.0,800.0,57.230930606606194,0.48317919833129097,0.9562392944536298,0.3785419295148586,29.042401033145918,64,0.0,0.0,6.63688192086074,0.03394755595251291,0.0,0.1752865780981704,0.11754321198133186,0.23026805497970526,0.0,0.13815047103170244,0.18037476735685964,0.12218226485929037,0.0,0.2024710706326055,0.0,0.17335287337671534,0.43750374850991214,0.38043485781905184,0.3378301973516073,0.3784110125100751
crusher_slowdown,17,12362,6500.0,812.5,56.432556464238424,0.4906593084401568,0.9560975545404634,0.3350112976088724,28.091260643198286,65,0.0,0.0,5.878396680471622,0.03118943071441459,0.0,0.1762841488100859,0.17940588161305543,0.23319212623371938,0.0,0.13582880399889305,0.17796067648247674,0.11671756051227075,0.0,0.21322700549700904,0.0,0.17598181688646206,0.4018929868263466,0.37363569514564304,0.2899050420901107,0.42009478123628646
crusher_slowdown,18,12363,6500.0,812.5,56.261079162212646,0.48891416799862514,0.9556465745126561,0.41945144211382585,28.04587787605227,65,0.0,0.0,5.813247752354439,0.030983523353259438,0.0,0.17678310606717554,0.17427621654769146,0.23119259112149257,0.0,0.1358211811659262,0.21966639270990657,0.11693155243219212,0.0,0.21203626269677578,0.0,0.18393889953157244,0.5901008059261605,0.3671216932873393,0.3108563924150674,0.422562509425402
crusher_slowdown,19,12364,6500.0,812.5,56.1623500586279,0.4886089568481012,0.9547176522622335,0.21408464982276,27.978625683854407,65,0.0,0.0,6.965337434656899,0.03688543349279229,0.0,0.18164800564600295,0.112377768100665,0.2307737179043103,0.0,0.13988142680487856,0.1800983926112937,0.11552877952396336,0.0,0.20554317301593272,0.0,0.18001331588111188,0.20363679809900778,0.3800226259621297,0.2211308754038952,0.4101567266595629
crusher_slowdown,20,12365,6300.0,787.5,57.659111267957265,0.47475580240794457,0.9577686660564751,0.29431550867811074,29.789855573635084,63,0.0,0.0,6.141173072890262,0.03302031166856792,0.0,0.1722550889120638,0.16669791696067357,0.21702668483084692,0.0,0.1255608101493663,0.09482218392101054,0.11049931245844483,0.0,0.20907732777846214,0.0,0.18241955562020096,0.4588999851012855,0.34528164578900816,0.19706104533714386,0.414133529360701
crusher_slowdown,21,12366,6500.0,812.5,56.430036221257694,0.48206938915478,0.9551460927015467,0.4445269790487036,28.479489743118023,65,0.0,0.0,5.741419165801211,0.03240193860635278,0.0,0.17933431544236422,0.12613152994214108,0.23581979354626859,0.0,0.12277785286858137,0.21499301344889482,0.11084425640352723,0.0,0.22414330804429913,0.0,0.19014234196122418,0.504081062708133,0.33460672443567674,0.4108659752412,0.41106122490941543
crusher_slowdown,22,12367,6700.0,837.5,54.73856808279713,0.4936700405571207,0.955606060028805,0.43722208512034,27.075823301184137,67,0.0,0.0,5.885892662687734,0.03339147301810995,0.0,0.1857563612281462,0.15485014649819107,0.2339455513755971,0.0,0.12945581018513025,0.2075205859798259,0.11476774688185713,0.0,0.2176862065026068,0.0,0.1937305614641572,0.39689304973397393,0.3749523124031628,0.4617701936163888,0.4374369578316784
crusher_slowdown,23,12368,6300.0,787.5,57.43100527082284,0.4776816685527449,0.953538199590066,0.5838200713400902,29.359763576293094,63,0.0,0.0,5.834672574984245,0.031238836997718213,0.0,0.17495325879627138,0.17963440328544975,0.22689906448226302,0.0,0.1319742511005518,0.15360789989121132,0.11678709960958147,0.004337376290961748,0.2010393989021079,0.0,0.17353154672940727,0.48711234020791905,0.3775248060505966,0.6482918920948709,0.3934331826240559
crusher_slowdown,24,12369,6500.0,812.5,56.701794461981514,0.4879442681905163,0.9554941472497009,0.34630206383609574,28.67815175319673,65,0.0,0.0,6.0304740787026,0.0331187427839559,0.0,0.17814278614875392,0.18767562976955063,0.23018461081450511,0.0,0.1380884670659642,0.18614050029503734,0.1230785087532252,0.0,0.2088605322896525,0.0,0.17870972752951103,0.39511310412678674,0.3776325958344872,0.31338299015167626,0.402018233153893
crusher_slowdown,25,12370,6600.0,825.0,55.33273453939653,0.4901525536218585,0.9546907251166227,0.39092710312541806,27.594988571004258,66,0.0,0.0,6.175220526751012,0.034841280260401085,0.0,0.18141349203181886,0.1846383426275492,0.23500830189590402,0.0,0.12883926921500408,0.18293952992623178,0.1140763230400151,0.0,0.2213692807814902,0.0,0.18903643756543756,0.4419380703534989,0.3598304664363384,0.36098588323067493,0.4267832903397072
crusher_slowdown,26,12371,6500.0,812.5,55.88505930726081,0.48882285944654363,0.9530218825942715,0.37624755709200314,28.42360736936234,65,0.0,0.0,6.139790822609673,0.03196605629475107,0.0,0.1787955930591983,0.16132203963072542,0.23134930229927927,0.0,0.1401536757780412,0.20860129094239618,0.11750113939868966,0.0,0.2035759193127052,0.0,0.17901783143778588,0.39462933949028123,0.3758337022572854,0.3645500592021898,0.4163659181757955
crusher_slowdown,27,12372,6700.0,837.5,55.27857803996894,0.49231105004184733,0.9562040460162162,0.4392372738557989,27.515530927418904,67,0.0,0.0,5.988202007669689,0.030818226666761005,0.0,0.18458193648596982,0.12152110957284029,0.23350742397047228,0.0,0.1337929471276663,0.15919018155336864,0.12098760443636422,0.0,0.21258726612903914,0.0,0.1883263859743226,0.5375024112516772,0.3626225864164931,0.3794237119626557,0.4238756413203062
crusher_slowdown,28,12373,6700.0,837.5,54.86116002396098,0.4972503487627751,0.952419716173135,0.38396658992219557,26.79093328212286,67,0.0,0.0,6.450807339676212,0.032591318665687936,0.0,0.1838533039374372,0.20067036968149796,0.24120712709029776,0.0,0.13983908463712608,0.12295993760847022,0.11803213392781477,0.0,0.21969855455546805,0.0039279134463452835,0.1901892887057644,0.4794256703196255,0.37404572554494575,0.32244851588829626,0.4257649996981339
crusher_slowdown,29,12374,6600.0,825.0,55.82971566855151,0.48775785762654134,0.960038233455155,0.4302371050738153,27.966462476491635,66,0.0,0.0,4.745871512312323,0.029583389068577003,0.0,0.18251860780942566,0.1912130996384145,0.22712845990853484,0.0,0.1326128405744795,0.21173378186867275,0.11204386077272875,0.0,0.2208151621039592,0.0,0.18826552188798898,0.4667163817032127,0.3714060581179129,0.4088253557478646,0.409982444985321
ramp_closed,0,12345,12800.0,1600.0,29.402141563146866,0.777431393778064,0.9440974006675273,1.324359131746281,4.982651914467318,128,0.0,0.0,0.0,0.0,0.0,0.3568505424481023,0.162009232198114,0.4240856900835809,0.0,0.18112417562501584,0.11153072549947621,0.15625144157788015,0.0,0.46243458171379725,0.20934268812004284,0.40849585323146087,0.42075669239139374,0.4930424224422168,1.6783477162358247,0.9095106026590075
ramp_closed,1,12346,12800.0,1600.0,29.26430073311359,0.7819704265227228,0.9489101053332121,1.2519176105648622,4.894741628404716,128,0.0,0.0,0.0,0.0,0.0,0.3573729754806247,0.11552541687114894,0.4308950428419233,0.0,0.17951901115097443,0.10016903455327268,0.15711642358944283,0.0,0.4647166118044763,0.15122230417414578,0.40906273160444495,0.42585048610590703,0.4991953428163987,1.5638000963299779,0.9258385971794053
ramp_closed,2,12347,12600.0,1575.0,29.68238900109793,0.7720387155132753,0.9468338298542477,1.573985501940868,4.991162100643493,126,0.0,0.0,0.0,0.0,0.0,0.3502051466075528,0.16988414324189685,0.4245606351702574,0.0,0.18841907352576281,0.15433349067495677,0.16488683076414817,0.0,0.44603681816309304,0.17864705735934108,0.38729212213953107,0.31632336406611206,0.4951398115996716,2.0957814953144367,0.894548625427566
ramp_closed,3,12348,12800.0,1600.0,29.25618235195903,0.7723513703547554,0.9518020113584686,1.0131380041988292,5.429605828868225,128,0.0,0.0,0.0,0.0,0.0,0.3575460835305343,0.1689394619029195,0.429561988810437,0.0,0.1700940825793623,0.13087737824923368,0.14892759907787181,0.0015404176890489558,0.4853424793859328,0.1726776062077467,0.4035302159775437,0.3044943730551087,0.4600449594362781,1.2708265973420003,0.9036189575092888
ramp_closed,4,12349,12500.0,1562.5,29.999728272812586,0.7607288086160787,0.9425488671810209,1.4788811742029335,5.284141564847386,125,0.0,0.0,0.0,0.0,0.0,0.3499535408367709,0.13920147282612083,0.4136579309520035,0.0,0.17900353647609352,0.14107077532426637,0.14894576694008516,0.0,0.4454664338380977,0.19690088673735817,0.39077812806742596,0.6537878878694608,0.4818197715040721,1.8002332962486018,0.8840436914678651
ramp_closed,5,12350,12800.0,1600.0,29.393943278498988,0.7774798482244646,0.9413348051177566,1.5504801080483877,4.581455770393191,128,0.0,0.0,0.0,0.0,0.0,0.3543596485899275,0.1763615981812519,0.42689868039962325,0.0,0.18101324764075316,0.15707910805644368,0.15496411459182913,0.0,0.4560626068417229,0.13315584114229026,0.3938689200479363,0.4984648067159527,0.5000380379928283,1.9626098137250116,0.9106099668323676
ramp_closed,6,12351,13100.0,1637.5,28.700467401947872,0.794394964456177,0.937280760498975,1.4758883313268316,4.115153254805304,131,0.0,0.0,0.0,0.0,0.0,0.3663814159771918,0.1744527385829452,0.44754233561442686,0.0,0.19692845973099543,0.14912804944527452,0.17586106653349473,0.0,0.4566511780361596,0.2017545203064211,0.3938620315658073,0.5860655986057649,0.5282287990426443,1.8651857768922984,0.8981848872619279
ramp_closed,7,12352,12500.0,1562.5,29.84130767390635,0.7642396101640527,0.9415696705505745,1.558778376520381,5.278173090466031,125,0.0,0.0,0.0,0.0,0.0,0.3461673049066488,0.13311702034798656,0.4209147877707887,0.0,0.16796499489028754,0.16404951725892142,0.1449510737087218,0.0001593197480612337,0.4547216976801225,0.19829255155118503,0.4010590585249606,0.5012936386947192,0.49682304104437885,1.9553351532050043,0.8888678115433826
ramp_closed,8,12353,12600.0,1575.0,29.74997518914428,0.7653164108449458,0.94774510859748,1.4388322562497076,5.2281262639764625,126,0.0,0.0,0.0,0.0,0.0,0.3456650204956457,0.1687052742398968,0.41848765973952734,0.0,0.16515619646097585,0.1540410446812107,0.14755070638350226,9.480096921071882e-05,0.4664811943512461,0.18671451426798788,0.40393452552978376,0.5025394856033831,0.46001241840905555,1.7732225314805379,0.9187156158010912
ramp_closed,9,12354,12800.0,1600.0,29.221559645733134,0.7790733981629636,0.9486419175668227,1.4375539247455429,4.641704783588614,128,0.0,0.0,0.0,0.0,0.0,0.3542102238322618,0.13934976867779195,0.43183474893541657,0.0,0.18564521781884244,0.13446979954955027,0.16108199524486927,0.0,0.46143293444503003,0.18049844082871808,0.3958972951230841,0.6529966627867243,0.4902937022445372,1.756280312416313,0.9247342108434322
ramp_closed,10,12355,13200.0,1650.0,28.495670121826947,0.7972732597360555,0.9408733893128368,1.4973179203994864,4.03822920355483,132,0.0,0.0,0.0,0.0,0.0,0.36465955931498834,0.13942991100689675,0.4422622451759469,0.0,0.18467963043502303,0.09982762547854265,0.1637374295783536,0.0009947596830822548,0.4740628178314233,0.20980393713104065,0.4146824379744996,0.43322121955317083,0.5236849616100046,1.8976711345792883,0.920332200714673
ramp_closed,11,12356,12700.0,1587.5,29.694204958295693,0.7667501803460939,0.9395991977869763,1.5950937803534713,4.926589755450444,127,0.0,0.0,0.0,0.0,0.0,0.3499251481117201,0.17506530908464643,0.425046212183425,0.0,0.17366502514567622,0.18667679449962102,0.15071494011058045,0.0008396933149214485,0.4563998866842971,0.17271017159184562,0.39508424585098395,0.47893191246681793,0.4780398504431825,2.020846245423638,0.9156583370519298
ramp_closed,12,12357,13000.0,1625.0,28.759458635515205,0.7996573501137354,0.9371922181340678,1.709715999944456,3.9227363025929227,130,0.0,0.0,0.0,0.0,0.0,0.3660795465139144,0.10689764495799371,0.4345649896401407,0.0,0.19854560345108402,0.1289756399271848,0.17308170330866704,0.0,0.4633674956314899,0.1724136678323191,0.3997532974024454,0.6171345373353176,0.5428966031621016,2.1602650566904926,0.9409936229777434
ramp_closed,13,12358,13300.0,1662.5,28.205332756406147,0.802718608896009,0.9414655475083479,1.400336150282022,3.8600268074212893,133,0.0,0.0,0.0,0.0,0.0,0.3716355971351354,0.17524631049961922,0.4462155700372168,0.0,0.19791118031886473,0.11382479283374171,0.1711499059687086,0.0,0.4642104818158426,0.10079006398578062,0.4007312909311649,0.5307821590804993,0.5523926452450422,1.7730021465112458,0.9234513139560424
ramp_closed,14,12359,12800.0,1600.0,29.296432247737204,0.7794574866259576,0.9488723196841882,1.4180196456893337,4.731561681958042,128,0.0,0.0,0.0,0.0,0.0,0.35993964937833106,0.15564962614038622,0.4256512633387599,0.0,0.18514701812064652,0.12116549755760456,0.154128720800543,0.0006920116675445635,0.4635249394732423,0.20057338649702522,0.40158093060107436,0.450828385814511,0.49560023409723,1.7969193145062745,0.9077320642786006
ramp_closed,15,12360,12900.0,1612.5,28.960555291807523,0.7834348760888895,0.9522147261318276,1.1809053577463409,4.8909681764831525,129,0.0,0.0,0.0,0.0,0.0,0.3570572972150764,0.1540104229726041,0.44307755878009064,0.0,0.1766852555891592,0.17680370294012993,0.15732935754562064,0.0,0.47034224474448993,0.13732099608588144,0.4102474900414204,0.2733014900593245,0.4979965734547647,1.5201108436495692,0.9003947022733859
ramp_closed,16,12361,12700.0,1587.5,29.606726899028736,0.763688165427254,0.9501448573193936,1.4038813968951334,5.227335607930728,127,0.0,0.0,0.0,0.0,0.0,0.35333300250528016,0.1734892997403853,0.4266921864192188,0.0,0.16579900225261332,0.17787644413182735,0.14714224919551733,0.0010989742028897354,0.4594272815564972,0.17827225315569728,0.39783656279788926,0.6314133271096631,0.4557035384106873,1.687645177632653,0.8987051368689516
ramp_closed,17,12362,12600.0,1575.0,29.637124905535643,0.7672873567213796,0.9484173360805228,1.3999411721850699,5.265610132286893,126,0.0,0.0,0.0,0.0,0.0,0.3531907485280944,0.20493993504156235,0.42633466650489255,0.0,0.1731314050328331,0.1549425764510152,0.14885444870160572,0.003663867148413688,0.4591839177750162,0.18965274299306092,0.3983663064652034,0.29114797279638954,0.46593179550655967,1.811452050308704,0.9060008263391571
ramp_closed,18,12363,12900.0,1612.5,28.994255855185017,0.778837840853112,0.9506933898499198,1.190036638814089,4.947613822635072,129,0.0,0.0,0.0,0.0,0.0,0.35661508845903594,0.19019474575171605,0.43584476912753356,0.0,0.17802850903912107,0.1740114028155728,0.14829422784303636,0.0,0.4858777707328168,0.19043771412076593,0.4130837868325303,0.36602020910398336,0.462483924798346,1.4866825535097272,0.905471534571629
ramp_closed,19,12364,13000.0,1625.0,28.9026905692584,0.7853697169530092,0.9432771684164282,1.2782918795737088,4.6119430977590525,130,0.0,0.0,0.0,0.0,0.0,0.36370513871812565,0.1540370867319769,0.4392719842379525,0.0,0.19116340709220891,0.09866992102156526,0.16355098161711676,0.0013139924602878132,0.47322469678145757,0.15869028093775994,0.39444019438258365,0.37882552025011146,0.48161462804637817,1.636242777671875,0.8975988960266358
ramp_closed,20,12365,13100.0,1637.5,28.68784727341604,0.7877373454232209,0.9524167173601439,1.3397011112369492,4.520359168510172,131,0.0,0.0,0.0,0.0,0.0,0.3687694036450954,0.17673837525144664,0.43465933654346506,0.0,0.18102331960893175,0.15495875352082633,0.16357061380589205,0.001007952861957654,0.4739673314501752,0.1305235455306178,0.4044936793119819,0.20341114691489032,0.4976779641263032,1.7873304911213965,0.8967795230971602
ramp_closed,21,12366,12700.0,1587.5,29.45968506618533,0.7703247473898934,0.9456869985897686,1.2874443345151594,5.096072625844885,127,0.0,0.0,0.0,0.0,0.0,0.3600110630883101,0.164759651339195,0.43252867714620286,0.0,0.17944464140810013,0.13635108427114767,0.15095570730044225,0.0017874557772946538,0.4603602924889555,0.21691969090215388,0.3960883081654329,0.5158572828526837,0.48618370845066117,1.581761044943114,0.8841584768782629
ramp_closed,22,12367,13300.0,1662.5,28.114473086091184,0.8100707625475678,0.937988442853596,1.7585490837407314,3.368895224253004,133,0.0,0.0,0.0,0.0,0.0,0.3718936120283346,0.16998951448784078,0.44096976363778123,0.0,0.199412280446169,0.10720419355136608,0.17382386754990165,0.0,0.4753818054643352,0.1627907661096375,0.41262876380469005,0.5478018065286938,0.5677732629893081,2.2599696732931913,0.9286787447865965
ramp_closed,23,12368,12700.0,1587.5,29.45863468044833,0.7713896531808737,0.9513402807927939,1.0279550400610868,5.4022781439304115,127,0.0,0.0,0.0,0.0,0.0,0.3531803032299832,0.2026172177926329,0.42554244661394464,0.0,0.17534936048657143,0.14435349704935876,0.15216698851747118,0.0,0.4707656870593693,0.19857625321713548,0.40814318249751336,0.36180907524881395,0.4656597758938066,1.2726617210125342,0.8902857098748477
ramp_closed,24,12369,12800.0,1600.0,29.32123588055166,0.7780390660947917,0.9454746464210869,1.2726505980494578,5.124159766329019,128,0.0,0.0,0.0,0.0,0.0,0.3531488298625182,0.15241865298904564,0.43370306459205915,0.0,0.18076493296114085,0.17055173853256564,0.157822131291857,0.0,0.4690662350508872,0.18900398027826096,0.3989730835588601,0.3888739256581675,0.5071109802973742,1.6063213825237204,0.911799568106538
ramp_closed,25,12370,13000.0,1625.0,28.87682796883429,0.7846757233719845,0.9457799818368946,1.3530247796198869,4.543496636828444,130,0.0,0.0,0.0,0.0,0.0,0.35970307904271986,0.15779586778744517,0.4349322397146588,0.0,0.18488063514266778,0.14337890588179256,0.1606652099557177,0.0,0.47581453783154426,0.17231349164675366,0.4096544915416949,0.5763748800770377,0.47834158232469437,1.6511328218686574,0.9073059484183219
ramp_closed,26,12371,13300.0,1662.5,28.250873939529022,0.8097535562446634,0.9475321394510586,1.4776414338278856,3.6532485883386867,133,0.0,0.0,0.0,0.0,0.0,0.37248531050792005,0.20253689505028338,0.4371732038886514,0.0,0.20708490534736237,0.11815917152084643,0.17069394010885058,0.0,0.46743337980149646,0.19651529185521374,0.40888439662338,0.26328676088974867,0.5327151497280688,1.9980791508013727,0.9381972721432678
ramp_closed,27,12372,13100.0,1637.5,28.647060824262923,0.7975965690618249,0.9408477695017212,1.5206571019016644,4.039644920640436,131,0.0,0.0,0.0,0.0,0.0,0.36347955903316487,0.1582180864381241,0.4348248193550341,0.0,0.2058899227574026,0.13633299490807393,0.1796875350703491,0.0025777474624696004,0.46070088564488615,0.20660521913309332,0.39164536542137207,0.27330169528996384,0.5295873533344336,2.066375092294283,0.9187334826532045
ramp_closed,28,12373,13200.0,1650.0,28.38350681698352,0.8021681522588726,0.9468874837996969,1.466119207175449,3.9322659182935435,132,0.0,0.0,0.0,0.0,0.0,0.36730717129801754,0.1786442318534816,0.4417401804391427,0.0,0.19515359416504596,0.11526306744918988,0.16567380499167436,0.0,0.4749024900084119,0.16698344209529703,0.41355558323259844,0.661765553221122,0.5237859452430943,1.7911105825105305,0.9219663750174057
ramp_closed,29,12374,12900.0,1612.5,29.166970519351697,0.784965396073895,0.9539750095247783,1.357361002713875,4.8325391045729855,129,0.0,0.0,0.0,0.0,0.0,0.3638559818072784,0.18053966325332726,0.4304536936559914,0.0,0.18504708635319317,0.08411231494377995,0.16432908711734823,0.0,0.4556812894826446,0.14390318945438066,0.3941699171183045,0.3919058673965032,0.5198691579305772,1.7596339757627797,0.8883305942750556
