scenario_id,replication,random_seed,fleet_size,total_tonnes_delivered,tonnes_per_hour,average_truck_cycle_time_min,average_truck_utilisation,crusher_utilisation,loader_utilisation_L_N,loader_utilisation_L_S,average_loader_queue_time_min,average_crusher_queue_time_min,total_cycles_completed
baseline,0,12345,8,12800.0,1600.0,30.539143425364024,0.7792506600414315,0.9522734731964778,0.7071782445730775,0.6917484512135907,39.71147776336703,67.47956493362298,128
baseline,1,12346,8,13100.0,1637.5,29.91117931068409,0.7927718872127085,0.9623735111159957,0.720906908006592,0.7176512724397283,43.34671634097505,57.36372699225707,131
baseline,2,12347,8,13000.0,1625.0,30.10873172279844,0.7934768349105601,0.9366709081844908,0.7530917051619366,0.7104109366748254,46.52555433022838,52.435830278253945,130
baseline,3,12348,8,12800.0,1600.0,30.387780884531594,0.7802534359541278,0.944417100583503,0.7184123107208636,0.6977709527883541,42.584333164268635,61.042563056479686,128
baseline,4,12349,8,13100.0,1637.5,29.755409836101453,0.7955947197220214,0.9477857461120642,0.7290441773169144,0.7390069144053869,47.621630578655406,49.79610081565339,131
baseline,5,12350,8,12900.0,1612.5,30.157766574646306,0.7928938634001246,0.9387500870008672,0.7465383105335961,0.7437602288671722,49.15024993787863,48.79001780604994,129
baseline,6,12351,8,12900.0,1612.5,30.264888392937564,0.7877390356306961,0.949998216385984,0.7353611183771339,0.7103766399967665,45.405379092268376,55.822257937597215,129
baseline,7,12352,8,12900.0,1612.5,30.427282832627142,0.7904947259206538,0.948460330828509,0.7549669880749864,0.7066165295519249,45.968049755987586,55.843699103426665,129
baseline,8,12353,8,13200.0,1650.0,29.482736544325842,0.8071874171338754,0.9484952550016225,0.7664338961584719,0.7168674068358605,49.44269990152782,42.30384912426709,132
baseline,9,12354,8,12700.0,1587.5,30.766998269978284,0.7823081866332382,0.9487829014162162,0.7377516785341817,0.6921681584116012,46.96632640845856,58.49199758589154,127
baseline,10,12355,8,13100.0,1637.5,29.842665431767323,0.7916874135891908,0.9419349371191676,0.7332141800603882,0.6757524904834183,43.72294486049545,56.7357013976424,131
baseline,11,12356,8,12900.0,1612.5,30.2683078041082,0.790977545027786,0.963421792994173,0.7165063772992318,0.7248281180126052,41.025726623236785,59.55147928440202,129
baseline,12,12357,8,13300.0,1662.5,29.352205816688446,0.8013227472222606,0.9358884825304173,0.7340292739523446,0.7183435400883907,42.95121477744515,50.41744673972437,133
baseline,13,12358,8,12900.0,1612.5,30.250962244076632,0.7836109388719258,0.9684867671026998,0.679285722408324,0.7073532435625147,41.18275308188724,62.249644617616994,129
baseline,14,12359,8,13000.0,1625.0,30.03636203542461,0.7904465580766253,0.9610627509779287,0.7104625201428906,0.7246069030294824,42.10579397986349,58.3756706071944,130
baseline,15,12360,8,13200.0,1650.0,29.703409132333615,0.8005068035084604,0.9320282723037158,0.7591036549629026,0.7498795215391516,53.42487943356415,43.697220337681415,132
baseline,16,12361,8,13100.0,1637.5,29.91287090567031,0.799673603912369,0.9451860870598077,0.778625729901547,0.7153589043661095,50.354279916753526,47.27999429313381,131
baseline,17,12362,8,12700.0,1587.5,30.831074612774586,0.7717363255506025,0.946037748981634,0.6825940820697912,0.7158040146937871,43.38398143679281,66.9110011368781,127
baseline,18,12363,8,13000.0,1625.0,29.97593488181999,0.7913193066786713,0.9444364990372711,0.7333034691962681,0.7057915634136535,47.532332767805215,51.757128735590626,130
baseline,19,12364,8,13100.0,1637.5,29.856064874359063,0.7960004625951611,0.952953082945826,0.7343196242867436,0.7149845080507068,44.14118067212439,53.54723803102628,131
baseline,20,12365,8,12800.0,1600.0,30.627779506919893,0.7747956962650299,0.970358740147682,0.6777603687452949,0.6881170845084347,35.73877401722333,73.25406492306648,128
baseline,21,12366,8,12900.0,1612.5,30.20936291334566,0.786460553854365,0.9364606955561875,0.7259615223208726,0.7330937021425944,46.322224698501465,54.52508130722795,129
baseline,22,12367,8,13100.0,1637.5,29.960165502748918,0.7987762613848357,0.9627610770406896,0.7293833720994732,0.7481218080032792,42.425542556027935,55.27693561948709,131
baseline,23,12368,8,12900.0,1612.5,30.405875779450465,0.7901744206869299,0.9408492933823679,0.7489587006027821,0.6925083824900055,48.78276849148743,54.42469670678808,129
baseline,24,12369,8,12600.0,1575.0,30.892301475984507,0.7712418714091713,0.9379517408952933,0.7281360200164453,0.6805900130340365,45.29755658801017,63.43800238398129,126
baseline,25,12370,8,12700.0,1587.5,30.558394969258483,0.778818073644092,0.9284550134271857,0.7222799232577803,0.7236379861517562,45.84274305292633,57.27472330422961,127
baseline,26,12371,8,13200.0,1650.0,29.570300401275922,0.8013160363621931,0.9524379158525612,0.756684710440195,0.7179135773851297,44.066351263533164,50.54374234766314,132
baseline,27,12372,8,12800.0,1600.0,30.42518556377784,0.7862888095941059,0.9350289168565799,0.744250331494976,0.7168535387425118,51.42704486793992,49.81168000393957,128
baseline,28,12373,8,13000.0,1625.0,29.924116951377723,0.7922004038265529,0.9323681758374283,0.7229125109933978,0.744746423387338,50.610923977067856,46.905821713592246,130
baseline,29,12374,8,13100.0,1637.5,30.142866198380005,0.8034283296885439,0.9662737807527659,0.77044789339706,0.7221159139616101,43.63906467412545,54.881043043401675,131
trucks_4,0,13345,4,8000.0,1000.0,24.187454277295085,0.9514640757500787,0.5754930367468011,0.38041447898804875,0.4527881648336729,13.177652189428683,11.331075315483188,80
trucks_4,1,13346,4,7900.0,987.5,24.456221300520436,0.946773853621851,0.5847546157831686,0.37940342848204145,0.4789351116366561,14.726629171038997,11.215736111372175,79
trucks_4,2,13347,4,8000.0,1000.0,24.298675686321864,0.9560368748447053,0.5886163393249061,0.3613638248462769,0.49182857222535586,14.477638712616857,9.675699055060084,80
trucks_4,3,13348,4,8000.0,1000.0,24.26688210500593,0.9528794478181819,0.6021378997410843,0.35473655806209753,0.5043202251145824,12.082250176290607,12.36700560219061,80
trucks_4,4,13349,4,7900.0,987.5,24.497574968945834,0.945062765697643,0.5884749991601406,0.3583761813853944,0.4957021826077161,16.000570691794632,11.306676055129458,79
trucks_4,5,13350,4,7900.0,987.5,24.456111933393466,0.9417053727545434,0.5596044309247752,0.39059662004403906,0.4662174646936581,16.679858409541445,12.09147521361539,79
trucks_4,6,13351,4,7800.0,975.0,24.915776914097375,0.9391959767235557,0.5792178034903998,0.3906688387175902,0.4635622732001193,16.937222727028956,14.354759539231532,78
trucks_4,7,13352,4,8000.0,1000.0,24.34746455887238,0.9488797108468547,0.5887066596695174,0.3621288980949585,0.4803156355192724,16.62500574973429,12.363405466213207,80
trucks_4,8,13353,4,7800.0,975.0,24.542310172038704,0.9307746740927911,0.5679860997470976,0.3551692774213029,0.47301156131210814,15.444146919655042,14.806668239397528,78
trucks_4,9,13354,4,8000.0,1000.0,24.340351286552774,0.9439442298621733,0.560465048624902,0.364078435939742,0.5165788259230414,19.000339887111032,11.318770025798958,80
trucks_4,10,13355,4,7700.0,962.5,25.06695373808637,0.9296465991894818,0.5649602017484773,0.3850880021642967,0.4797094336878874,19.197453845280435,15.477287235395101,77
trucks_4,11,13356,4,7900.0,987.5,24.66564893041664,0.94659390856992,0.5607861469344672,0.38642005412108504,0.5003228846512356,16.430297140362562,12.638640780465508,79
trucks_4,12,13357,4,7900.0,987.5,24.48683640487316,0.9388538265287306,0.5768239255795334,0.3598661627916433,0.4796435374485019,15.523409719357403,13.597491374795778,79
trucks_4,13,13358,4,8000.0,1000.0,24.29131015279571,0.9516021259604268,0.5930496480297415,0.3900181380766113,0.464046778716008,13.99261410374778,10.718933969978153,80
trucks_4,14,13359,4,7800.0,975.0,24.899522736311017,0.9375985205780991,0.5794540799413427,0.3812535261342658,0.45524847379281647,16.341373857188074,15.305500565436166,78
trucks_4,15,13360,4,7900.0,987.5,24.875702224716704,0.9466142982885419,0.5677772204193914,0.3892398773501371,0.4701181708132863,17.74347338858253,14.860469542988348,79
trucks_4,16,13361,4,7800.0,975.0,24.834990226998805,0.9291264991566566,0.522850789816879,0.3740081700344439,0.4996340376555086,24.142029945026387,11.146167755413453,78
trucks_4,17,13362,4,8000.0,1000.0,24.407973864711533,0.9423695665050488,0.5580882667093754,0.35272678353078196,0.5027606675561616,18.58879496485489,12.241851301864662,80
trucks_4,18,13363,4,7800.0,975.0,24.9976791627977,0.9391358321086052,0.5608916291073933,0.4072629874303676,0.4579418129194044,19.72127630697852,12.352157123294077,78
trucks_4,19,13364,4,7800.0,975.0,25.036699914769095,0.9456946388856984,0.5717820450987385,0.40270716444513316,0.46849364587223924,16.58002361832302,13.499699012965891,78
trucks_4,20,13365,4,7800.0,975.0,25.08108769255913,0.9434161635225804,0.5679752845442853,0.3966976019568899,0.4867500298832283,20.560398313397517,13.430814738591666,78
trucks_4,21,13366,4,7800.0,975.0,24.822905863096672,0.9246876977429199,0.5880226732763074,0.3575713737511919,0.45865142114586166,20.10881258290248,16.375826288201047,78
trucks_4,22,13367,4,7900.0,987.5,24.638698868965317,0.9416254545337129,0.5595589425078604,0.36102168927031797,0.5065207498334894,20.454346077173938,9.683694772828979,79
trucks_4,23,13368,4,7900.0,987.5,24.493269851340354,0.9349575400463856,0.5804283604192835,0.343192346689087,0.4918149797995068,16.791740364630332,13.364938095612871,79
trucks_4,24,13369,4,7900.0,987.5,24.77270696773787,0.9552677451244337,0.5818069487385485,0.39133682253796526,0.4989379652435239,16.654331766647907,10.630189728648592,79
trucks_4,25,13370,4,7700.0,962.5,24.925175013425108,0.9347863093201576,0.565171800767662,0.3908585490522048,0.4668855229380863,16.201197570488592,13.209051542434674,77
trucks_4,26,13371,4,7800.0,975.0,24.74942352322534,0.9373998283662388,0.5687190802369723,0.37439763882648425,0.46824429072428725,16.325394085614395,12.470255558553905,78
trucks_4,27,13372,4,7700.0,962.5,24.967534651093356,0.9343088745154602,0.5557817470153227,0.3790231646750584,0.4937850465805438,20.028837775335685,10.77500732997293,77
trucks_4,28,13373,4,7900.0,987.5,24.557268843865625,0.9318206009033428,0.55690060272195,0.35842411773678823,0.4722599756045908,17.94104544098989,15.814987284483397,79
trucks_4,29,13374,4,8000.0,1000.0,24.504740404812686,0.9591633838515857,0.5720093023795472,0.40551570659220026,0.48406660507342586,16.00770552081014,9.578610150657143,80
trucks_12,0,14345,12,13300.0,1662.5,43.880164694969125,0.554678144190737,0.9767460050085255,0.8029800993447948,0.7388473797142915,48.77919221761956,167.62362423718608,133
trucks_12,1,14346,12,13500.0,1687.5,43.41187772984545,0.5521444242658095,0.9941751982838856,0.7413582971611347,0.7414366063953229,45.670854176030254,170.84884613686336,135
trucks_12,2,14347,12,14000.0,1750.0,42.029947835324336,0.5682146884423264,0.9859956220680963,0.7823906940353814,0.7381957884720589,49.3664150387618,159.86123475472453,140
trucks_12,3,14348,12,13300.0,1662.5,43.911133418541006,0.5521312242707253,0.988948070351037,0.7788206280319693,0.7485047333888648,51.09070413626798,164.897399807872,133
trucks_12,4,14349,12,13900.0,1737.5,42.48390351142684,0.5634286886542643,0.9936822004933137,0.7838140796115339,0.7645071577006551,46.145092118790494,163.01131693417136,139
trucks_12,5,14350,12,13900.0,1737.5,42.31024249853972,0.5617316451883992,0.9847519123856902,0.789035864606229,0.7129973466710329,47.388582200480606,161.81019249958334,139
trucks_12,6,14351,12,13600.0,1700.0,43.308445744462354,0.550531055018406,0.9868295817983682,0.7416026143740392,0.7093643003115606,46.68300092208188,171.1437330220809,136
trucks_12,7,14352,12,13800.0,1725.0,42.39685932589595,0.5680020405298913,0.9869529570159783,0.8114761265010877,0.7436878909626652,52.3968203131634,156.44849797511793,138
trucks_12,8,14353,12,13700.0,1712.5,42.61843761165853,0.5666762732290455,0.9989866511357733,0.8127928870521292,0.7100026121685057,41.81371944516611,167.0554869330815,137
trucks_12,9,14354,12,13500.0,1687.5,43.2954973827954,0.5575398987352903,0.9852794645088602,0.7683158902629785,0.767786507545384,47.03352970810755,166.34478572525452,135
trucks_12,10,14355,12,13600.0,1700.0,43.136073269148,0.5579546319872227,0.988624879639293,0.7701039316292099,0.7597267032423394,49.289596008189115,164.5612157218026,136
trucks_12,11,14356,12,13600.0,1700.0,42.996935852459686,0.5588344839371796,0.9852257265299972,0.7906885598209474,0.734696591767161,46.95787305488585,165.1603485447115,136
trucks_12,12,14357,12,13800.0,1725.0,42.713963031766674,0.562433398873885,1.0,0.7431310746404228,0.7903262076261913,51.968939677694316,161.64327467636414,138
trucks_12,13,14358,12,13900.0,1737.5,42.4478851475095,0.5693427782275028,0.98973504502357,0.8107376149692058,0.7411798838184404,48.803124008848805,161.28709651675038,139
trucks_12,14,14359,12,13400.0,1675.0,44.11058616751378,0.5511852089972653,0.9931993497202957,0.779023754447169,0.7375198317441453,46.82265963663111,168.76207389580404,134
trucks_12,15,14360,12,13500.0,1687.5,43.535294352885344,0.5478503937405824,0.9914371149756911,0.725798110636313,0.7271173139720457,47.65175318563839,171.37739989504882,135
trucks_12,16,14361,12,13600.0,1700.0,43.286916039728,0.5525617169145053,0.9980700130537478,0.7291384988822514,0.7656645167113112,43.32853400598807,170.92818282615966,136
trucks_12,17,14362,12,13900.0,1737.5,42.30729768215212,0.5640455200920342,0.9803162744618009,0.7783549787368643,0.7500104127999917,52.770092680570365,157.8208354791543,139
trucks_12,18,14363,12,13400.0,1675.0,43.56665196638411,0.5578156783755106,0.9766979760615658,0.8070323592668899,0.7392102252311016,51.675024280094355,161.87324069044087,134
trucks_12,19,14364,12,13600.0,1700.0,43.29345771983477,0.5621399151814116,0.9869302730756684,0.8147810829594848,0.7491357015599995,51.109448519706206,161.00144646263743,136
trucks_12,20,14365,12,13100.0,1637.5,44.69471181381876,0.5472303563554995,0.9687665745743984,0.8031021579212669,0.7368284999510742,51.96979510515228,167.66751308128727,131
trucks_12,21,14366,12,13400.0,1675.0,43.843263010023755,0.5463036180085851,0.9735985475696673,0.745776877781424,0.7247531163237654,50.64309548259586,165.3507866984728,134
trucks_12,22,14367,12,13800.0,1725.0,42.61067440212711,0.5599846359391433,0.9920213634100378,0.7603833160629065,0.7562433303655821,46.40307818321633,164.475104120394,138
trucks_12,23,14368,12,14000.0,1750.0,42.01937496744139,0.5693733448111463,0.9847978102351969,0.7763895873905448,0.7683491759349673,50.00897152995725,158.31578166463356,140
trucks_12,24,14369,12,13300.0,1662.5,44.17423478506206,0.5422852932682357,0.9884816578008656,0.7123663436643071,0.7325016384706449,39.84247597135086,181.2480259890874,133
trucks_12,25,14370,12,13400.0,1675.0,43.788447853667925,0.5471636718925867,0.9832524224359529,0.763308418156871,0.7283114993978362,49.2885057475302,168.7362752822443,134
trucks_12,26,14371,12,13700.0,1712.5,42.75856935497168,0.5603098575544585,0.9859675104906523,0.7461843990099442,0.7451256734747888,45.59093029290704,165.62467811219742,137
trucks_12,27,14372,12,13700.0,1712.5,42.79300158658787,0.5626138789482688,0.9832843122756623,0.7769557790098396,0.7845693295742486,50.336893004682715,160.3432178408039,137
trucks_12,28,14373,12,13700.0,1712.5,42.66397614387557,0.560532223124132,0.9904905676268374,0.7468626405408152,0.763990791182471,46.453247641769934,164.26004305684975,137
trucks_12,29,14374,12,14100.0,1762.5,41.866975219342855,0.5691541181272012,0.9913629982643797,0.7839404320435925,0.743251289241966,46.24967475812611,159.75795556025147,141
ramp_upgrade,0,15345,8,12700.0,1587.5,30.63976336066285,0.7718988851029759,0.9318093137900266,0.70559484131899,0.7052608077607665,46.2136861628158,61.21363352094915,127
ramp_upgrade,1,15346,8,12700.0,1587.5,30.626209498122993,0.779203286312473,0.9580490602571016,0.7259929207512419,0.7222298951298357,39.86089205033889,63.21985531401603,127
ramp_upgrade,2,15347,8,13300.0,1662.5,29.348485446625,0.8084121078585638,0.9581756800473838,0.7573294776037918,0.7077459447233144,46.136720352518935,45.62113684217344,133
ramp_upgrade,3,15348,8,13000.0,1625.0,30.1516783623304,0.7883922569806943,0.9433552797623503,0.725409747896242,0.7052856688742548,47.508176630886105,55.06795726343937,130
ramp_upgrade,4,15349,8,13100.0,1637.5,29.78267965255004,0.791900892758927,0.9479828731780838,0.711689247592514,0.7232033181675509,44.78848162907887,54.62449040820895,131
ramp_upgrade,5,15350,8,12700.0,1587.5,30.659993640857145,0.7738526243933264,0.9436366651977591,0.6880760046779477,0.6935985072923742,45.26910053985762,61.86396105090189,127
ramp_upgrade,6,15351,8,12700.0,1587.5,30.83186255078945,0.7728887627713001,0.9433377854332008,0.705175055431483,0.7160219544791383,46.85070051665941,63.48547396659974,127
ramp_upgrade,7,15352,8,13100.0,1637.5,29.944578849074293,0.7906302504045317,0.9374575639887013,0.7197408562244821,0.7297613023896198,44.3383599718116,57.07225673303962,131
ramp_upgrade,8,15353,8,13000.0,1625.0,30.131117238931683,0.7841656741127994,0.945368333622348,0.7162533994252734,0.688084877276094,40.82394610830279,63.61544829472914,130
ramp_upgrade,9,15354,8,13200.0,1650.0,29.580541017608077,0.7961345208421099,0.9530127854046722,0.7180831649259377,0.7145254952435164,41.78268186635549,54.60409065605619,132
ramp_upgrade,10,15355,8,13300.0,1662.5,29.523193733754038,0.8009495359983405,0.9488061735492315,0.7197480715673614,0.7299267019934799,44.56298095304132,52.49979265327988,133
ramp_upgrade,11,15356,8,13000.0,1625.0,29.917798284177373,0.7932508288839895,0.937486510690054,0.7626974153956296,0.7048645998175366,49.5117179803712,48.38854774448446,130
ramp_upgrade,12,15357,8,12900.0,1612.5,30.55758338705055,0.7878521058786858,0.9648943912032844,0.7350882779981087,0.7058861636277897,44.3936264286005,61.2346372351703,129
ramp_upgrade,13,15358,8,13000.0,1625.0,30.027462880218405,0.7888812582705749,0.953595989140471,0.7300464905938938,0.7108970347850413,44.68501077102886,56.568827900069074,130
ramp_upgrade,14,15359,8,13100.0,1637.5,29.821042399329315,0.7960525787997946,0.95537211550022,0.7750661546734214,0.6992796212926231,49.83834911975831,47.2425644981914,131
ramp_upgrade,15,15360,8,12800.0,1600.0,30.60446085777083,0.780263786907754,0.9501926541610286,0.7331347848072931,0.700996900294244,49.58246529400716,56.68270974656985,128
ramp_upgrade,16,15361,8,12900.0,1612.5,30.29783235191893,0.7851611117542734,0.9595574095817306,0.7232760616923124,0.7127142707753867,40.05590514237172,62.92590752749531,129
ramp_upgrade,17,15362,8,12900.0,1612.5,30.233729891230873,0.7847502634929087,0.9362166846231058,0.7374133773331213,0.69968202325564,45.73144921500424,56.05134841731196,129
ramp_upgrade,18,15363,8,13300.0,1662.5,29.407833168051187,0.8031255620789488,0.9476108343988028,0.7238469848481162,0.7290110629938987,48.300717057372324,46.37574804521475,133
ramp_upgrade,19,15364,8,12500.0,1562.5,31.346086459891595,0.7630751975782619,0.9578964816439911,0.6976264020676501,0.704076043665998,39.68947662685602,75.69661347608172,125
ramp_upgrade,20,15365,8,12800.0,1600.0,30.419191199356398,0.7783254985745183,0.9406182134284057,0.7084824989578066,0.6882696333345696,43.10588236036699,61.80029586068906,128
ramp_upgrade,21,15366,8,12700.0,1587.5,30.724417922587865,0.7768782290123891,0.9623126836742134,0.7225066643944698,0.6943674433465008,41.62056739721255,63.07254788379464,127
ramp_upgrade,22,15367,8,12700.0,1587.5,30.74751328346367,0.779995150532794,0.9756219558928534,0.7023473124042803,0.7076853889383202,38.10300679357185,67.40906174572862,127
ramp_upgrade,23,15368,8,13200.0,1650.0,29.632983216275512,0.7947183457355733,0.9515047722117946,0.7247122935200027,0.702331758990717,45.23130647701943,52.880837996406264,132
ramp_upgrade,24,15369,8,13200.0,1650.0,29.584946728433394,0.8034571342632555,0.9521545906055727,0.7821592709682723,0.6910747102781396,47.86186150391629,45.93236175673405,132
ramp_upgrade,25,15370,8,12500.0,1562.5,31.083950550012478,0.7684627135631744,0.95244654844518,0.6900963163152222,0.7371934102395816,46.32621583587208,62.85842090438673,125
ramp_upgrade,26,15371,8,12900.0,1612.5,30.07095231232296,0.7873400924155111,0.9365085495616579,0.7165688867464995,0.7438827985119965,46.9156504699246,52.28507212861561,129
ramp_upgrade,27,15372,8,13100.0,1637.5,29.953878666101986,0.7897527060904395,0.9573363816433572,0.7262829339869638,0.6915161729025466,44.42776003326314,57.74056590808991,131
ramp_upgrade,28,15373,8,13000.0,1625.0,30.025482876483796,0.7937869177728196,0.9474932143217211,0.7637441626497756,0.7016282298282441,47.02043489570609,51.722039254213094,130
ramp_upgrade,29,15374,8,13000.0,1625.0,30.044636259525507,0.7869894084369304,0.939638198997022,0.7405229411395914,0.6828268595501523,45.92527114708007,55.25088652805202,130
crusher_slowdown,0,16345,8,6800.0,850.0,56.24200022947065,0.4877953852249872,0.9975442128163988,0.359568450813084,0.3779907134364429,15.872619762912143,232.16481454595228,68
crusher_slowdown,1,16346,8,6600.0,825.0,58.17597314799785,0.4861870435985864,0.9960233514039296,0.40859327612121327,0.35341511557723554,14.495738886263883,236.45833687586065,66
crusher_slowdown,2,16347,8,6800.0,850.0,56.80707753328324,0.4962824390897839,1.0,0.41324892518034606,0.3832661399969034,16.129038665892086,233.06134104596748,68
crusher_slowdown,3,16348,8,6500.0,812.5,59.17736681482004,0.4788288628727989,0.9944187089232707,0.409753480139674,0.3576877938100272,19.713966856614647,236.62995364191733,65
crusher_slowdown,4,16349,8,6700.0,837.5,58.01676927914771,0.48805112720030697,1.0,0.3935230354754381,0.3834664131072337,15.92681413646004,238.2512603122821,67
crusher_slowdown,5,16350,8,6900.0,862.5,56.37469359001056,0.49761663216982766,1.0,0.41243742777885084,0.36737557757344175,14.838610069221197,233.98964681121356,69
crusher_slowdown,6,16351,8,6600.0,825.0,58.007764953100086,0.4838195892600228,0.9983832718157051,0.3847576679333893,0.3625319192402476,12.534577739190924,238.71499709055956,66
crusher_slowdown,7,16352,8,7000.0,875.0,55.44226831710851,0.4983086708190264,1.0,0.3918144972158251,0.38306444161191394,14.934285798346338,230.66581485539757,70
crusher_slowdown,8,16353,8,6900.0,862.5,55.77434263483858,0.49828078787192587,0.9995865719910781,0.3999106229007488,0.4024627981863375,14.112576035607791,231.2342214647922,69
crusher_slowdown,9,16354,8,7100.0,887.5,54.16058071052767,0.5036319877396243,0.9995255401326851,0.38340993487970004,0.3918520237928904,14.30303643997551,225.60941380655873,71
crusher_slowdown,10,16355,8,6900.0,862.5,55.422130634490685,0.5020584942788492,1.0,0.39539520178589227,0.3861233803039783,14.648173590085674,228.5675520157373,69
crusher_slowdown,11,16356,8,6700.0,837.5,57.202182806865764,0.4938860512767128,0.9905336371679204,0.44237362740803066,0.3451272633930716,14.98752329269452,231.5570548991081,67
crusher_slowdown,12,16357,8,6400.0,800.0,59.00080717393487,0.49010618115567955,0.9911811760543404,0.44402975683649415,0.36692226228573666,16.50505842112219,228.06138123361006,64
crusher_slowdown,13,16358,8,7100.0,887.5,53.99503913597505,0.5109131174232735,1.0,0.42654344224034707,0.4002367033670437,15.534867141054201,222.52489731433286,71
crusher_slowdown,14,16359,8,6700.0,837.5,57.686675361936246,0.4846788393783492,1.0,0.383159919967384,0.3635113134596453,15.94925969023996,236.0701878468468,67
crusher_slowdown,15,16360,8,7100.0,887.5,54.70607491140928,0.5006097292309313,1.0,0.3753764868717267,0.39041546791366194,13.687590499653595,233.8879057359145,71
crusher_slowdown,16,16361,8,7000.0,875.0,55.45067797059493,0.5093747405839407,1.0,0.4085501236779602,0.4238451180654424,17.687341488241177,227.4094161708676,70
crusher_slowdown,17,16362,8,7000.0,875.0,54.50010478836733,0.5082557181833106,0.997585885920587,0.4057043631718559,0.4301363990442896,18.8366432463648,221.03951450526665,70
crusher_slowdown,18,16363,8,6700.0,837.5,57.64007890783144,0.4824762128904079,1.0,0.37465703036156395,0.3508288504312185,13.940269650421095,240.56029219264644,67
crusher_slowdown,19,16364,8,7100.0,887.5,54.64680885552237,0.5031068318270568,0.9967414814910932,0.41393283581039836,0.37341734097087464,17.10360241986024,226.15566004307203,71
crusher_slowdown,20,16365,8,6700.0,837.5,57.55365037328125,0.484232760586539,0.99653379511311,0.3755209677828732,0.36825512016788575,14.016373761607305,237.63383536963005,67
crusher_slowdown,21,16366,8,7200.0,900.0,54.24083100778335,0.5178944719150104,1.0,0.42231614923360367,0.4309711970934605,19.105513225457507,220.4400373710336,72
crusher_slowdown,22,16367,8,6800.0,850.0,56.56438545820842,0.499620781168253,0.997928758559123,0.4449313526924858,0.35932964329432504,18.932489052429183,226.47651053007178,68
crusher_slowdown,23,16368,8,6800.0,850.0,56.337412418368075,0.49470193962491593,0.995916769533865,0.3855793058104063,0.38725455168503337,15.305011604689716,230.8675514377963,68
crusher_slowdown,24,16369,8,6900.0,862.5,56.1927034726693,0.4896018821922741,1.0,0.36778043011523515,0.3686380215632469,12.891093060685343,238.18194361173326,69
crusher_slowdown,25,16370,8,6800.0,850.0,57.139795599259415,0.4978731325553862,0.9972059740689965,0.4491541878146387,0.37050372358783484,19.355006487004935,228.54464714850997,68
crusher_slowdown,26,16371,8,6600.0,825.0,58.665279125476545,0.47947058380998175,1.0,0.37521107200510906,0.3642060040631053,15.863291595142247,239.18667995157224,66
crusher_slowdown,27,16372,8,6700.0,837.5,56.47934274393068,0.49361973989317964,0.9980088817708054,0.41686852342922315,0.362330333746511,12.492854248159002,231.0025133212943,67
crusher_slowdown,28,16373,8,6600.0,825.0,57.89870328571602,0.48590245081668965,0.9848837030304052,0.39026876175615544,0.382091916673093,18.307883491622743,231.70882630973608,66
crusher_slowdown,29,16374,8,7100.0,887.5,54.64946359450657,0.5054143836548124,1.0,0.4147211604454731,0.40713502958535575,18.589824566549094,225.3084369745469,71
ramp_closed,0,17345,8,13200.0,1650.0,29.416880953197655,0.8028106148284597,0.9452254386565627,0.7502975591778182,0.6972561203714882,41.6910992586086,50.81116862970933,132
ramp_closed,1,17346,8,12900.0,1612.5,30.28041148287499,0.7809038420805441,0.9576192970705046,0.6954901268736993,0.7074172737079159,41.91230270539557,62.827419907214,129
ramp_closed,2,17347,8,12800.0,1600.0,30.51331821970237,0.7753529513743718,0.9418775118933698,0.708107605907188,0.6997272228719598,43.13135494288926,64.56850385069227,128
ramp_closed,3,17348,8,13200.0,1650.0,29.553650439283437,0.8012106197316089,0.9311815139964665,0.7518178249273613,0.7367884335495135,49.065725984664354,44.917218984534344,132
ramp_closed,4,17349,8,12800.0,1600.0,30.568006563279205,0.7807444800605678,0.9565365685281392,0.7219842245779694,0.6941065052534363,46.1818206313737,59.18532359244148,128
ramp_closed,5,17350,8,12900.0,1612.5,30.099088409647816,0.7879624726323602,0.9354474694200342,0.7411474557205466,0.7155562262510256,45.266496976525694,54.031614324835566,129
ramp_closed,6,17351,8,13100.0,1637.5,29.66940819116555,0.7971305425639008,0.9195993787943112,0.7516970206429668,0.7336191791046421,51.83492789709953,43.496228970506316,131
ramp_closed,7,17352,8,12900.0,1612.5,30.26424685212034,0.7876450545533707,0.9359097612315959,0.7259980476713005,0.6964296801125498,46.33765962136436,54.254159098069394,129
ramp_closed,8,17353,8,12600.0,1575.0,30.940108404193836,0.7774973586863345,0.950010576124835,0.7312549016181209,0.6960995050725116,42.58346779096122,63.39256499128797,126
ramp_closed,9,17354,8,12600.0,1575.0,30.884633159761282,0.7742186864931973,0.948757926229572,0.7258849782607055,0.6833091059410139,44.52638770401607,63.14954003340739,126
ramp_closed,10,17355,8,12800.0,1600.0,30.587439052776077,0.7813749735104583,0.9511877051707172,0.718610791716667,0.6975648528837126,40.78880393679459,64.96609891251978,128
ramp_closed,11,17356,8,12600.0,1575.0,30.801377559086855,0.7741774799645078,0.9452427686957868,0.707778563871495,0.698490908054108,44.62891259129108,61.595495118109056,126
ramp_closed,12,17357,8,13100.0,1637.5,29.75547814403779,0.7916273605779696,0.956692937903138,0.7094222978991347,0.7094285916765345,43.446209612056705,57.09609836722521,131
ramp_closed,13,17358,8,12500.0,1562.5,30.98783655488553,0.7661471888854154,0.9541413686815307,0.6702670497891279,0.6860744863649906,40.239353556617004,68.80524064875823,125
ramp_closed,14,17359,8,13100.0,1637.5,29.745783033853996,0.7931680271839829,0.8917578877061731,0.7517588619914372,0.7215716688611842,53.78212960425182,44.64278279906338,131
ramp_closed,15,17360,8,13000.0,1625.0,30.00008618665627,0.7944492306225185,0.9325632356391887,0.7589263607537885,0.7154287660600167,50.69434696147466,47.62190689339299,130
ramp_closed,16,17361,8,12700.0,1587.5,30.63743291796848,0.7766105822706344,0.9483538440410013,0.7309819444362106,0.6932041342872544,43.226362210389425,61.92342257470885,127
ramp_closed,17,17362,8,12800.0,1600.0,30.435890013784928,0.7797148770927544,0.9255866481453002,0.726836891189664,0.6986880955023299,49.300176235306,54.815367654068964,128
ramp_closed,18,17363,8,12800.0,1600.0,30.608698737432643,0.7777116551930768,0.9534773319756965,0.7172496735100915,0.7083910539910842,45.064495610926045,61.84178773054249,128
ramp_closed,19,17364,8,12800.0,1600.0,30.551573189437022,0.7824030052782567,0.9550050826144497,0.737500909296745,0.7017318551608026,44.88130514659447,60.48726486403703,128
ramp_closed,20,17365,8,13100.0,1637.5,29.763703314422514,0.7989765786863546,0.9527345781120409,0.7475629947669853,0.7077283142172145,45.35392504278029,50.38597899434065,131
ramp_closed,21,17366,8,13000.0,1625.0,30.077502972866863,0.7971825785459421,0.9522930018516451,0.7528665810648253,0.7056567745076473,46.67537018316629,51.935907873405625,130
ramp_closed,22,17367,8,13100.0,1637.5,29.855117165238955,0.7929181302729829,0.9452124135785819,0.7521892062700374,0.6829303184254268,47.9176413764004,51.62726706273642,131
ramp_closed,23,17368,8,13100.0,1637.5,29.823102197385452,0.7881234807642508,0.9456213582126556,0.7221591445325306,0.7091728773925781,45.67575688338188,55.09264541976743,131
ramp_closed,24,17369,8,12900.0,1612.5,30.417900827536,0.7831004352728115,0.9463812659158793,0.7146473320965754,0.708606820369211,43.72738969939833,61.880997221085124,129
ramp_closed,25,17370,8,12700.0,1587.5,30.63407232804957,0.7801292891887499,0.9348148339739939,0.7637550652290117,0.6596038128756695,48.15045720271468,54.56762439515923,127
ramp_closed,26,17371,8,13200.0,1650.0,29.550341719666186,0.8068524387454661,0.9434071136091411,0.7715020107378561,0.7162678920925204,45.967183100155175,45.97481201465459,132
ramp_closed,27,17372,8,12600.0,1575.0,30.715020828453934,0.7801166188669566,0.9473405724036599,0.7327184695583703,0.7140021132700615,45.03197140746771,57.89802936613368,126
ramp_closed,28,17373,8,12800.0,1600.0,30.417842297697376,0.7803827537338885,0.9568085238506828,0.7148587835261068,0.723083487327846,44.79897112403468,60.05882953403733,128
ramp_closed,29,17374,8,12900.0,1612.5,30.128500703152273,0.7842829805716992,0.9569628644624627,0.722266578687377,0.6944083954829753,43.44047611026385,58.29281277218176,129
