scenario_id,replication,random_seed,shift_minutes,truck_count,total_tonnes_delivered,tonnes_per_hour,average_truck_cycle_time_min,average_truck_utilisation,crusher_utilisation,average_loader_queue_time_min,average_crusher_queue_time_min,cycles_completed,loader_util_L_N,loader_util_L_S,loader_queue_min_L_N,loader_queue_min_L_S,lane_util_E03,lane_util_E05,lane_util_E07,lane_util_E09,lane_queue_min_E03,lane_queue_min_E05,lane_queue_min_E07,lane_queue_min_E09
baseline,0,12345,480.0,8,11900.0,1487.5,31.11554682563588,0.7364128551486034,0.8655008021128284,2.281335215559432,2.364471328448288,119,0.5583792452337247,0.7718498446807238,2.5157613159928203,2.046909115126044,0.054021560831727,0.7371689542313845,0.3856769562538843,0.7616541707865363,11.090916540456439,0.6650982101743363,0.15560217513338767,1.042159000873622
baseline,1,12346,480.0,8,12100.0,1512.5,30.912195311027027,0.7390505476718282,0.8722855432522131,2.1646705245166755,2.8509484480340355,121,0.5696596569482436,0.7676633580058844,2.3797455706180344,1.949595478415317,0.054926850214753624,0.7401225335259567,0.3748998744953029,0.7641827594320812,11.194236271945195,0.5824883498979122,0.11467298131028009,0.8289219010310127
baseline,2,12347,480.0,8,11800.0,1475.0,31.46772503490009,0.7386095773360881,0.9052787546057183,2.14920079588866,3.1836208395217076,118,0.5778459523668934,0.7528202218125021,2.3724752050339717,1.9259263867433483,0.05119713368711492,0.724920027425408,0.38714905357753027,0.7252956544591952,10.287476330017842,0.5760326140872167,0.1596648164206035,0.7444401560544539
baseline,3,12348,480.0,8,12000.0,1500.0,31.06487386753066,0.7459594512854093,0.9078960264309208,2.0789327124158206,2.7649486411146498,120,0.5803734907626856,0.7441849475105141,2.022740778403117,2.1351246464285247,0.05468406432125819,0.7365595829221381,0.40628985024601677,0.72572190241062,11.182751522999657,0.5918601378813106,0.1649594318974198,0.7099889264509398
baseline,4,12349,480.0,8,12200.0,1525.0,30.46652262142928,0.7498216675448,0.9010458035418497,1.8776420297872503,2.6136710536446786,122,0.5715706008564193,0.7729736581895865,2.0951345365834917,1.6601495229910088,0.05291149132970081,0.7553034747887349,0.37857634453025407,0.7673216983566091,10.588819829207125,0.5177529490192119,0.14316811862552387,1.0466355284571571
baseline,5,12350,480.0,8,12000.0,1500.0,30.877652672172452,0.746315819571534,0.8850419771153962,2.094798853800455,2.704052907026304,120,0.5985395317038731,0.7364180834402998,2.471424780770633,1.718172926830278,0.05033168880625621,0.7452376969566932,0.4103418688133141,0.740038059316204,10.143741946364672,0.6157138557641205,0.142742290599818,0.8368739187634225
baseline,6,12351,480.0,8,11900.0,1487.5,31.124606156278038,0.7466387406398736,0.8586348472555861,2.569957411789225,2.3131066002357783,119,0.6146553087185385,0.7675252300882625,2.9707546679298513,2.1691601556485987,0.05735416658114605,0.7412245269625274,0.4209460525865765,0.7039782559944788,11.920198718932426,0.6424402356978159,0.1943303277294428,0.7016970507072323
baseline,7,12352,480.0,8,12100.0,1512.5,30.562507451328468,0.7491526588419403,0.8859359186273039,2.235796875469091,2.6618789333887967,121,0.5525717562645915,0.7853902054144001,2.2121853871925534,2.259408363745629,0.05211059301058896,0.737999753977869,0.3969729582366475,0.7445262714208976,10.608226975871194,0.48913122884702936,0.1819522881803239,0.695984406970534
baseline,8,12353,480.0,8,12000.0,1500.0,30.989673219396163,0.7444724682927102,0.8964434615053979,2.1129008884831055,2.848565450162248,120,0.5842707363811827,0.7784529709559339,2.061093440271462,2.1647083366947495,0.052846153079563404,0.7375695978533745,0.37779951893308805,0.7478533463057543,10.921674225163626,0.5415317018552979,0.13115826261825922,0.7709713455211153
baseline,9,12354,480.0,8,12100.0,1512.5,30.918287369834598,0.7451796429842328,0.8950283082930572,1.7644858546213646,3.1834447315198986,121,0.5755861789600973,0.7395718917909897,2.191249052815006,1.3377226564277231,0.05398388677769126,0.7504087662296033,0.39601086890799037,0.7499729494735335,10.891992582740219,0.6307996646967476,0.212377226635662,0.7003161735754636
baseline,10,12355,480.0,8,12200.0,1525.0,30.61882349400424,0.7514868265423048,0.9034446933640463,1.9461861882847602,2.919225177104379,122,0.5635055743501715,0.783621456348863,1.8112838003779166,2.0810885761916036,0.052368380792977634,0.7537989396111171,0.39519413076632814,0.7301696226124096,10.427216830075643,0.5252183940485442,0.14223927491109106,0.6518516352376715
baseline,11,12356,480.0,8,11800.0,1475.0,31.41018984206177,0.7362445689855925,0.8750330795546387,2.4406540209973517,2.894607520172405,118,0.5935913327326127,0.7544647064166067,2.759126212174097,2.1221818298206068,0.052611495720811655,0.73611157467509,0.38387726117318216,0.7386220336505708,10.99183363845825,0.546493173338771,0.09660375181554323,0.8589054332188691
baseline,12,12357,480.0,8,12200.0,1525.0,30.43659450194771,0.755654537046395,0.8885772707263985,2.2442805320719437,2.2865018199793243,122,0.6021244334423967,0.7695866114980696,2.039785738638557,2.4487753255053297,0.05274229783441,0.7390546099838764,0.41738542649343274,0.7332429563184297,10.600051595352546,0.5774646165012776,0.13596751399693968,0.7323609217543494
baseline,13,12358,480.0,8,11900.0,1487.5,31.1911876494341,0.739299960101357,0.8790392063064917,2.2539374998204567,3.0005253238337652,119,0.5637973505808602,0.7657295840383334,2.3470507500725613,2.1608242495683525,0.05413288021984266,0.73488361721273,0.39407269133358797,0.7260853110654818,11.280278443289786,0.615988057146504,0.15050202736733262,0.6126790517299943
baseline,14,12359,480.0,8,12100.0,1512.5,30.30490729577484,0.7489320715722083,0.8568741671648402,2.820171764140743,2.1354957879439986,121,0.5793286595572174,0.7961844663608749,2.8216825236893235,2.818661004592162,0.053489620574106646,0.7451652168062775,0.3893018749485099,0.7618671208814198,10.81756885749041,0.45080390436768436,0.19053101197287534,0.71401641170012
baseline,15,12360,480.0,8,12100.0,1512.5,30.892333377796973,0.7441660768676921,0.8981790868623658,2.3837511016430755,2.6202839939552725,121,0.5759742461676265,0.7581729577197388,2.679401527864167,2.0881006754219835,0.05049792074838286,0.7346031453595787,0.404269831719197,0.7402136285527,10.614882705892208,0.6336367122530266,0.15194757851708968,0.6950320611992075
baseline,16,12361,480.0,8,12200.0,1525.0,30.577007899092028,0.7467312537094771,0.8695937322204461,2.0663919277356184,2.621776842820274,122,0.5816266934562232,0.7513403817436826,2.3735949731522012,1.7591888823190354,0.050466331933135336,0.7445969437738414,0.4107316234824452,0.7265291302854543,10.153717607725488,0.5392819514302873,0.1929650303495494,0.9706927661874055
baseline,17,12362,480.0,8,11900.0,1487.5,31.11900759893057,0.7338057255271445,0.8851369630558311,2.086063569310962,2.964987938137019,119,0.5505875997029338,0.7096244437748861,2.2754653552727873,1.896661783349137,0.05271118435215463,0.7355136611935006,0.40626416135325527,0.7167131730766734,10.752228747890825,0.7359872344444149,0.22070419792908805,0.7315897975732321
baseline,18,12363,480.0,8,11900.0,1487.5,31.138049676151578,0.74100306727596,0.8780902296017015,2.5667939627665923,2.6761720427924844,119,0.5979068394963692,0.7516547902243293,2.5322152011846577,2.6013727243485265,0.05357199502926104,0.7362555029633762,0.41802985017332,0.7131884528117791,10.863486720871833,0.5617122874069281,0.1494793561368062,0.6165841565778439
baseline,19,12364,480.0,8,12200.0,1525.0,30.383050609134955,0.7500941129073289,0.8616128627365369,2.2433978998639184,2.240836906229078,122,0.5874611530017584,0.7672754770303033,2.2908474910416614,2.1959483086861757,0.0530272782965564,0.7515385853125353,0.39273656757699177,0.7523315113691209,11.24785680139286,0.6639450321601396,0.1388432442487322,0.7307264318423669
baseline,20,12365,480.0,8,12000.0,1500.0,31.111656256323087,0.7410821104018637,0.8769393957993723,2.133405802543315,2.94896689550402,120,0.5700900149255929,0.7783448785011814,2.3897662982399757,1.8770453068466544,0.054724457567384165,0.7414859040898829,0.37745153693791417,0.7550359283597274,10.660047680871223,0.5505093856963204,0.1135144214996679,0.8639294291772114
baseline,21,12366,480.0,8,12300.0,1537.5,30.30391753522814,0.7557830710512039,0.8803989595984306,2.08705784105417,1.9667444886294052,123,0.5538400276668685,0.8002322829569958,1.8001646495147978,2.373951032593542,0.05557245581275632,0.7627610041171994,0.3987124409863197,0.7472768170037528,11.23074281807665,0.6788392705262055,0.1808273826943724,0.7766093294754505
baseline,22,12367,480.0,8,12000.0,1500.0,31.034434350901453,0.7448741588449148,0.8616144260655065,2.6536858180828915,2.354698474102346,120,0.6049154371339961,0.7674302265431397,3.134191477066741,2.1731801590990423,0.0523539534666031,0.7458792982189174,0.400887806098545,0.7340925222946901,10.987911385653756,0.6381378170998565,0.1438354647029485,0.6714103839226397
baseline,23,12368,480.0,8,12000.0,1500.0,30.929617891733354,0.7458015165457672,0.87791257016792,2.365017343312516,2.3359146209370203,120,0.5652168354073005,0.7903195967674939,2.5227073452707325,2.2073273413543,0.056580171243976615,0.7433337120911407,0.39256311979908637,0.747007812172516,11.608703754042626,0.6805364025860009,0.1896431419851931,0.6905855574729902
baseline,24,12369,480.0,8,12000.0,1500.0,30.995269655545552,0.742549010472286,0.8864185586306562,2.3001221675034866,3.060710574274352,120,0.573108040664305,0.7685206590484532,2.6757537375467106,1.9244905974602626,0.05732357760479643,0.7342099332946208,0.38960495589427957,0.7394007863663512,11.263787901766925,0.5243300884632557,0.09859375527371136,0.663302540816331
baseline,25,12370,480.0,8,12100.0,1512.5,30.831772939422688,0.7491768611337208,0.897046777223011,2.253055769036996,2.4367047469210337,121,0.5817467384515861,0.7683031540246975,2.5944929803689702,1.9116185577050218,0.050886689189891914,0.7439261727280905,0.40523496763413563,0.7451306063872069,10.806904327350082,0.589779163875243,0.13878446998163108,0.8705425123038176
baseline,26,12371,480.0,8,12200.0,1525.0,30.52472441374319,0.7464786219403523,0.8926833514482452,1.950395191587062,2.6515074397042038,122,0.5651616620434415,0.7577417290423061,2.20926890886971,1.6915214743044142,0.05089245867000702,0.7529537267131834,0.38772059085238786,0.7524866324130387,10.186111809235525,0.6063792071603324,0.18193357530304602,0.8827983249654862
baseline,27,12372,480.0,8,12000.0,1500.0,30.85191766348765,0.743676844136449,0.8701614164776126,2.3526274236549325,2.3794254610748453,120,0.5630442739826734,0.7709039104615436,2.4885362433452403,2.216718603964625,0.051085490336011924,0.7404030899990652,0.3922248156632217,0.7445976799503408,10.52410627963027,0.5487332082169006,0.16092550482662238,0.9531466401782385
baseline,28,12373,480.0,8,12400.0,1550.0,30.028258048696497,0.7617242682117181,0.8889808452838288,2.1594590270109393,1.683613446163618,124,0.5790735019670065,0.793579639454131,2.6713363874566483,1.6475816665652305,0.053356064466351265,0.7573594523567525,0.3940541554946266,0.7772987344576566,11.46597408105453,0.6235945940728873,0.11471647472129977,1.0459324190195114
baseline,29,12374,480.0,8,12000.0,1500.0,30.859054154417276,0.7429789075316644,0.8887825969366295,2.1533228334962646,2.9945305463580696,120,0.5723739578489044,0.7543760893292112,2.447615302776637,1.8590303642158923,0.0519998869161195,0.7500055424921421,0.3937101954947739,0.7296874710114778,10.454694611429996,0.5888606659799462,0.10477296962652712,0.7161574975567833
trucks_4,0,12345,480.0,4,7600.0,950.0,24.433815990670386,0.9200238607419678,0.5368647065007536,0.5067374162108159,0.4630647527384846,76,0.33426580563954683,0.5003485835356651,0.3850815017781872,0.6283933306434446,0.027734565559919076,0.4656258575548104,0.21849419541913553,0.5004946036023378,4.596213323616595,0.20009054638338705,0.0,0.1881557180768072
trucks_4,1,12346,480.0,4,7500.0,937.5,25.04610481687685,0.9075122343295524,0.538778063771582,0.6767026244992088,0.5244907222927938,75,0.3209934676785309,0.5129277172200564,0.5457906094709859,0.8076146395274317,0.02738014932516565,0.45620955945548014,0.21620632923336897,0.475967432243258,5.340017661872292,0.20829237042953583,0.023440980503256863,0.19373961596248693
trucks_4,2,12347,480.0,4,7500.0,937.5,24.79453464012667,0.9165452036145403,0.5236220050705505,0.6010453394067259,0.4111541055773868,75,0.3267320862421132,0.5208001505163866,0.3887546825394901,0.8133359962739617,0.02606004719001544,0.46160850976253254,0.22324775383270967,0.4815267846791213,4.764448198193579,0.22700832435182455,0.0,0.11671161192361834
trucks_4,3,12348,480.0,4,7500.0,937.5,24.93822582166723,0.9156536275131909,0.5488162694530858,0.597363181228421,0.47090729583777885,75,0.3152452751258232,0.5256386817341537,0.20367445530178271,0.9910519071550594,0.023984598779238576,0.46086162083722615,0.21127623953593438,0.4959402706898918,3.998703148540421,0.2209785764886478,0.0,0.1231675923923682
trucks_4,4,12349,480.0,4,7500.0,937.5,24.950334722335402,0.9031586853939837,0.5304746344706696,0.6728869186632264,0.5019637865705177,75,0.3054706749885118,0.5383133846116203,0.30983355258962253,1.0359402847368302,0.025657133687061753,0.4664819330256776,0.19387071712465484,0.4981628799462134,4.576129573476919,0.26228134764940836,0.023145482819909156,0.16698472579003742
trucks_4,5,12350,480.0,4,7500.0,937.5,25.055010763431184,0.89517372546581,0.5378839356323094,0.88282927303599,0.6318061052914479,75,0.3125473881542645,0.4888164407981171,1.0230740661944318,0.7425844798775483,0.026326914386460554,0.46648976506788836,0.20364280105934693,0.4945841172064863,4.768079800152045,0.2711104064452513,0.0,0.20494795462407023
trucks_4,6,12351,480.0,4,7400.0,925.0,25.43659982823109,0.8909486932540975,0.5302137453201288,0.9044564631177926,0.685201870652864,74,0.27996717601940013,0.5380155281046792,0.7775109605553496,1.0314019656802356,0.025245960018358916,0.45667640643097995,0.1829978905685336,0.505832648707163,4.2034243686615795,0.26349628246892803,0.006262967559381138,0.20509949604414965
trucks_4,7,12352,480.0,4,7600.0,950.0,24.61663738041713,0.9191861232677698,0.540375662610004,0.35810443911760126,0.6539421484609924,76,0.3391388923568367,0.4911137881235365,0.14656516968824462,0.5696437085469579,0.02610034433321775,0.4714668480912298,0.21852303813523044,0.4939232405673424,4.492322416887587,0.15861222412742002,0.03813036897633163,0.20191461720225498
trucks_4,8,12353,480.0,4,7600.0,950.0,24.84656952583256,0.9125210184035681,0.5736939824746579,0.5571383953823054,0.5532717410589009,76,0.2938206781044737,0.5040965283494111,0.6240761515869563,0.49020063917765444,0.02728936847315022,0.4689192389135321,0.21738873473051543,0.48956550922336034,4.688036400516722,0.2510389618197211,0.0,0.20281323328145748
trucks_4,9,12354,480.0,4,7600.0,950.0,24.513449656930067,0.9113835745565149,0.5424382254764573,0.5783025540505862,0.540409022218219,76,0.27696175112918875,0.5246147896269887,0.3437038055923203,0.8129013025088521,0.026415427963986306,0.4721128697529435,0.19599999823056635,0.524472758731176,4.388615975153712,0.17164331496886495,0.0,0.20337365648562802
trucks_4,10,12355,480.0,4,7700.0,962.5,24.300724172624765,0.9183543256695104,0.5477716646036086,0.35820409460518987,0.40797315761225467,77,0.300982296393465,0.5138325834345002,0.07049264974571039,0.6459155394646694,0.02664771240408257,0.47592536146340503,0.20968608301627642,0.5087811558149822,4.9480499801843125,0.20322066563202218,0.0,0.24578440459816164
trucks_4,11,12356,480.0,4,7500.0,937.5,24.993331296597695,0.9106492923398942,0.5423050121251635,0.6441872803674844,0.6356207806488817,75,0.35640997129147356,0.472478659585662,0.6683539704271948,0.620020590307774,0.026706756515746156,0.4605268964241464,0.2256910913656179,0.46880628360660753,4.443791505892599,0.20535120087260167,0.022032152708826514,0.1718699909787543
trucks_4,12,12357,480.0,4,7600.0,950.0,24.661230987544585,0.9292337628036679,0.5671922416081101,0.3680876245797402,0.45027295265263445,76,0.3370918821881077,0.5063102280679719,0.10147826100283623,0.6346969881566442,0.026156531985672932,0.4709007918195474,0.22727598973868504,0.47646799938784246,4.406726101931174,0.20591521679977473,0.0094979651835876,0.1170724240419218
trucks_4,13,12358,480.0,4,7600.0,950.0,24.82608201076192,0.9082105447728014,0.5529304275329043,0.6059243747301305,0.558744985772243,76,0.30249122857498956,0.5228843900372575,0.4411127816737267,0.7707359677865343,0.027465295978735867,0.4557650446940161,0.20301278668067402,0.5061801329534944,4.5888848634421695,0.20138926145381,0.0,0.21440482217517362
trucks_4,14,12359,480.0,4,7500.0,937.5,24.97188371539451,0.9080827103378472,0.5529404266405874,0.6049667463235363,0.5777191691509481,75,0.3109092264025309,0.5101544452290189,0.4398413881237568,0.7700921045233158,0.027651103060281228,0.4632191759205373,0.2095093899509547,0.4990146493845708,4.749857808402628,0.2044904166080615,0.004069474869799845,0.18196528816910082
trucks_4,15,12360,480.0,4,7500.0,937.5,24.78894273238389,0.9124545983735783,0.5694885808336084,0.4825969727242454,0.6511325074231608,75,0.2932979785255939,0.5121414902655809,0.44651658354699647,0.5186773619014944,0.027072917474593484,0.454945294652446,0.21557940863277672,0.5011640075915841,4.9460417223360125,0.21080163815152533,0.020982940537757105,0.2131671052509636
trucks_4,16,12361,480.0,4,7500.0,937.5,25.0058368939742,0.9110520454622728,0.5548111119762773,0.6244131353159246,0.5657565297510859,75,0.30828611878044127,0.5387264447290302,0.3961839293451567,0.8526423412866925,0.02543367258674028,0.45705472089803006,0.21117235072955656,0.48200129935794406,4.57137700694555,0.18208171188151231,0.0,0.1862079305616973
trucks_4,17,12362,480.0,4,7600.0,950.0,24.80496180832954,0.906259378198111,0.5549984123768207,0.5363294873771625,0.6049173379161448,76,0.3064571941327844,0.4992923454538373,0.5132476772564859,0.559411297497839,0.026044569756184244,0.46012415448901517,0.2045458537530219,0.49909162867676143,4.620776801159316,0.26664098156084093,0.0,0.2130598916033948
trucks_4,18,12363,480.0,4,7600.0,950.0,24.845150123434713,0.9151604535834549,0.5551025860734291,0.5185231000600364,0.6265575116372029,76,0.3407086150236813,0.4734327699754383,0.34114381623569684,0.695902383884376,0.02491741210581575,0.46679741844276734,0.2322755879423434,0.4711189550433622,4.44605493040902,0.20871716401624138,0.03386571066470158,0.13870497754525324
trucks_4,19,12364,480.0,4,7400.0,925.0,25.184221782788917,0.9071756037296372,0.5523072497044891,0.6616257333086399,0.6354728412802968,74,0.3115769559925755,0.5193475986569557,0.6502510467473871,0.6730004198698928,0.026207522746793332,0.4626633824789062,0.22426810090585517,0.4615143561822435,4.50921055920572,0.2502216193811671,0.0,0.12765563684020978
trucks_4,20,12365,480.0,4,7400.0,925.0,25.05628777462215,0.9090617063608204,0.5578936412052762,0.5187767221430909,0.7179343395564493,74,0.29073137320005843,0.5241912999409339,0.22970461579110937,0.8078488284950724,0.02462999665297505,0.452873536360226,0.21087134926115822,0.494069819364676,4.227908616335043,0.2147083994877142,0.010826355227330307,0.17752294740355157
trucks_4,21,12366,480.0,4,7400.0,925.0,25.02134815502298,0.894091015516912,0.520966218554555,0.764782650336773,0.6010405053491644,74,0.2825976627107375,0.5382125115404236,0.17245511937631527,1.3571101812972306,0.024224312005695536,0.46028995158561004,0.19866078960241,0.486507488168536,4.021118094412314,0.2176949968302222,0.030427844907561685,0.2069631887424953
trucks_4,22,12367,480.0,4,7500.0,937.5,25.10912653572572,0.9120038672943063,0.5683457260907686,0.42916541083995846,0.6970552393113331,75,0.3040963451420128,0.5107074979028494,0.19953841473083547,0.6587924069490815,0.0273093326798419,0.46138259747223814,0.21828393789401257,0.4861060206537601,4.433341956168693,0.23361814964288288,0.001960122923463814,0.19195463580109795
trucks_4,23,12368,480.0,4,7400.0,925.0,25.204359570332684,0.9113110668292288,0.5495875524140227,0.5886401555533328,0.6348085340766404,74,0.354291174856291,0.46181243468851885,0.5480596699421798,0.6292206411644858,0.027535419780377903,0.46258164637084725,0.24592442608531606,0.43928521804569437,4.694075718429113,0.24119825550954527,0.05222260892221403,0.14893620552862216
trucks_4,24,12369,480.0,4,7500.0,937.5,24.957442989446914,0.9072561766666472,0.547273111011324,0.5582930548626638,0.5968301981005617,75,0.32692810092626307,0.4975638256431466,0.2586893124298655,0.8578967972954621,0.024910270756603917,0.4644669844710274,0.21201549421512175,0.4820051193776781,4.25020667682616,0.22327788254801195,0.11369945168047746,0.14616188281068995
trucks_4,25,12370,480.0,4,7300.0,912.5,25.54996088660866,0.9019065413520331,0.5215568141445018,0.783532337146566,0.5116139381269046,73,0.33370757559118064,0.48662700832000544,0.7782498779661633,0.7888147963269687,0.02891045227387973,0.4423982307091065,0.23973143824101245,0.45379833223663024,4.76737353524836,0.32253600802390736,0.023927266332658965,0.15767628535498082
trucks_4,26,12371,480.0,4,7500.0,937.5,25.117539505221654,0.8951123571131668,0.5416791725164863,0.8332003295992219,0.7440995774637721,75,0.3069452980415869,0.48036992757631225,0.790465614264082,0.8759350449343616,0.027802598293751996,0.46220221483873597,0.20992621362798766,0.4805678376953696,4.610333560558373,0.2485234244737261,0.008968097187308056,0.19289783683781236
trucks_4,27,12372,480.0,4,7400.0,925.0,24.995896487741017,0.9021738670508406,0.532072740804776,0.5800947362160449,0.5757927535279819,74,0.30694500465481905,0.5169688183142236,0.6025390485450995,0.5576504238869904,0.02549230098991361,0.460570438706004,0.19947348350934366,0.5016200748274734,4.208045961745663,0.2608685418319316,0.03503353026347417,0.33718944743922324
trucks_4,28,12373,480.0,4,7500.0,937.5,24.76712524083737,0.906627362489745,0.5452118997984158,0.5506334755129798,0.7245686913225897,75,0.3055435719994828,0.5072268088319006,0.5217453430818938,0.5795216079440658,0.02642620939088889,0.47231967974746947,0.20090412378737502,0.5049839981689794,4.463695226964758,0.19349463034727887,0.0,0.2037579719072679
trucks_4,29,12374,480.0,4,7500.0,937.5,24.928169654446766,0.9204364985338996,0.540603379421425,0.6657469938051759,0.4144045682638405,75,0.3541841892318054,0.48031054015735947,0.7246434270479796,0.6068505605623723,0.025815160733941706,0.46286372194066144,0.24065139417856388,0.46091531764625654,4.567029802599713,0.21583449612191044,0.0,0.10896196188680572
trucks_12,0,12345,480.0,12,12800.0,1600.0,42.92663028241056,0.5401504535736203,0.9247937649750242,3.0215980933161566,10.83304846770164,128,0.6242191747093204,0.8407323857275736,3.4114997051132168,2.631696481519096,0.08053865617489366,0.8096488853768847,0.43388054804792303,0.8094255732629566,17.61761910765786,0.8482400625874756,0.23004447307467826,1.9670179174984261
trucks_12,1,12346,480.0,12,12800.0,1600.0,43.099090412427756,0.5354013336825322,0.9246425119044068,3.3128186431171365,11.991233649391212,128,0.6008335509061342,0.853006081276981,3.206365970077905,3.4192713161563684,0.07911131279597676,0.799353613224201,0.40275493109356625,0.8096967867677068,16.76744511681106,0.8455668302909058,0.17406035000860937,1.0756068475769465
trucks_12,2,12347,480.0,12,12500.0,1562.5,43.85463152188134,0.5328633646288333,0.9306377777244518,3.604548867047688,12.312400492192968,125,0.6299628974126658,0.8280048574202215,3.7867873594943102,3.422310374601066,0.08068894934698494,0.7825968908321816,0.4155427214199018,0.8020301882134524,17.411100231377365,0.7648244848773996,0.2743147000327588,1.1065635299170231
trucks_12,3,12348,480.0,12,13100.0,1637.5,42.0213031065078,0.551522771996629,0.9305577348683504,3.3041237675674395,10.139976149459102,131,0.6449840935324054,0.849189551322121,3.473107135896988,3.1351403992378915,0.07987206256678088,0.8197755585514026,0.4443191964349147,0.8212476699889675,17.568627493925746,0.8876086734362499,0.2678999107442044,1.4948298705069871
trucks_12,4,12349,480.0,12,12700.0,1587.5,43.50072782796863,0.5360074307815826,0.9329681392549615,2.5531047898847663,13.009028379500874,127,0.6220944524175606,0.810345461344945,2.3193811404631215,2.786828439306411,0.07877304522791032,0.7816253438714645,0.4328392783366288,0.797499014747321,16.99809089509032,0.6911611433253481,0.2242146829453282,1.2307059998407195
trucks_12,5,12350,480.0,12,12800.0,1600.0,43.110094732450015,0.5424451909275297,0.9283194997618868,3.059971722240829,12.117571136130419,128,0.6234998132044574,0.8586037593751576,3.0175309727480513,3.1024124717336066,0.07789144814200914,0.8054857618943314,0.4196297362119215,0.8143606260500128,16.458901162322878,0.6345589099749546,0.16150862957941908,1.308884840053236
trucks_12,6,12351,480.0,12,12700.0,1587.5,43.541404381034084,0.5326902937240666,0.9314588633260311,2.780317745676597,12.65277169589527,127,0.6183286361409884,0.7968716685789933,2.7361879412932053,2.824447550059989,0.08169219600561961,0.7919559895831338,0.42357576070375597,0.7912182972559897,17.61898966823693,0.7206923476850651,0.19396183778741466,1.305161711024022
trucks_12,7,12352,480.0,12,13100.0,1637.5,42.003165644802344,0.5546504863339019,0.9312867799398076,2.8985989547249824,11.179430695347206,131,0.6517930664878548,0.8837991404619588,2.5120282292090317,3.285169680240933,0.08082291010199144,0.8188242635076353,0.44066755469570235,0.8237362449112205,17.731143982388332,0.6781029520764514,0.222997573003555,1.1724007419346651
trucks_12,8,12353,480.0,12,13000.0,1625.0,42.228598046321174,0.5492354782617401,0.9347757316238137,3.170219386215477,10.743481937306719,130,0.6352683024003177,0.8625139170928766,2.999403574262534,3.3410351981684197,0.07959859702409082,0.8102152457590215,0.4249262236973828,0.8337625470864309,17.65122934401527,0.6925118223809421,0.15696219809573325,1.540672522828217
trucks_12,9,12354,480.0,12,13000.0,1625.0,42.65632091408654,0.5468434781314647,0.9289047560401581,3.226123231362938,10.863528084217066,130,0.634566387282619,0.879657507835464,2.8824589468071498,3.569787515918726,0.07706498002473358,0.8078831276379296,0.4168856169174842,0.830830562733344,16.52395753647457,0.8700332108413174,0.2563563475196443,1.3871950100103978
trucks_12,10,12355,480.0,12,13100.0,1637.5,42.031150478352515,0.5522521613372212,0.937351922629576,3.5552372230539993,9.916541511692621,131,0.6600245008997168,0.8681863313604375,3.3964841826146666,3.7139902634933315,0.07943004348180141,0.8181946479476079,0.4216642656839002,0.8332735456320359,17.19445151627715,0.8211448134921594,0.2983489885248965,1.4414579187351386
trucks_12,11,12356,480.0,12,13000.0,1625.0,42.57699537950958,0.5479413331081903,0.9318444619210374,3.91678354961952,10.317860916573247,130,0.6379789870932733,0.8679924638307441,4.231179792453341,3.6023873067856984,0.07633369182543825,0.8086940164256202,0.42747072006968617,0.8344645891435689,16.405152219521828,0.8251222602730411,0.2679660173403092,1.2788080915670543
trucks_12,12,12357,480.0,12,12600.0,1575.0,43.65041820872142,0.5372715876000645,0.9292982045398965,3.6917883343728004,12.746705298681073,126,0.628647090599758,0.8543746085631447,3.707279010943247,3.6762976578023534,0.07451395784117136,0.7749142165419232,0.42192610627463834,0.7920122551312513,15.861883943704285,0.6061463175536922,0.12292260695517784,0.8787800050666372
trucks_12,13,12358,480.0,12,12900.0,1612.5,42.68182572009653,0.5460458098599499,0.9362971328869001,2.8689805662526258,11.888175977522996,129,0.6419218856910304,0.8586410331822218,3.1518563765172654,2.5861047559879857,0.07908991018834068,0.8069863155353132,0.43111325375915804,0.814193867316613,16.732133625251343,0.7927533210912097,0.17324151241675478,1.1554869630445568
trucks_12,14,12359,480.0,12,12900.0,1612.5,42.589523925905,0.5494007571842835,0.933515217399592,3.876683366111851,10.435085084034633,129,0.690293921333023,0.8461300971335227,3.9697291372596744,3.7836375949640275,0.07706266711647763,0.8012784433099508,0.429658159671243,0.8223352501543829,16.94460306076455,0.8559430711049462,0.2411674824498713,1.2090908591217235
trucks_12,15,12360,480.0,12,13000.0,1625.0,42.35547468171057,0.5479684649997559,0.9335386030588129,3.1556071687367186,10.882408142501516,130,0.627675197335471,0.8756593923607849,3.4251594827138043,2.8860548547596325,0.07779462922718866,0.8126449445679593,0.4236687748011784,0.8380648739655752,17.238961872304397,0.7798436103651597,0.18268206134187212,1.5222785084331771
trucks_12,16,12361,480.0,12,13200.0,1650.0,41.878663243718385,0.553095833522495,0.9444465348634316,3.1312304204105157,10.51289106660222,132,0.6465326049688079,0.850494393158569,3.1808114799729665,3.081649360848065,0.08184016734135127,0.8211373966575148,0.44502501464228866,0.8191097634022052,17.353348545895567,0.9473116497236747,0.26687921256300606,1.1783374374654239
trucks_12,17,12362,480.0,12,12600.0,1575.0,43.83669407194319,0.5307731618225082,0.9189454100402019,3.1255877339049825,12.60907639083587,126,0.6255651901966645,0.8151455694131672,3.8072593203767138,2.4439161474332516,0.07572960552596243,0.7783227315590813,0.40781573484223993,0.8225993038780091,16.11308098505074,0.7151235750514268,0.2297311166269769,1.5897734258028817
trucks_12,18,12363,480.0,12,12500.0,1562.5,43.819416867385414,0.5292349461997953,0.9302112555745705,2.3256318305277537,13.333703387888052,125,0.5952874616528268,0.8051629216251454,2.6639052687837776,1.9873583922717297,0.08046889235921026,0.7856694691220543,0.41421894203931114,0.8042266859254384,17.373606032588768,0.7892564044622024,0.13534873825933802,1.490562229679571
trucks_12,19,12364,480.0,12,13000.0,1625.0,42.53782907189301,0.5447485892540557,0.9327145051911047,3.324692752126503,10.977764506602133,130,0.6406906002272736,0.828549015154527,3.75961209061689,2.8897734136361164,0.0835702329948799,0.8072623048573206,0.4310353452517671,0.8149052619179359,17.627037622223,0.8202133451939521,0.16189630770054844,1.4628072015643756
trucks_12,20,12365,480.0,12,12600.0,1575.0,43.37817393516358,0.537498025930027,0.9296916523406921,3.0184779783073576,12.598294436257294,126,0.6131956432086114,0.8239901749390895,2.773417450832754,3.263538505781961,0.0781005790444128,0.7977745475234516,0.4331189941786643,0.7905970730696297,16.824221352359988,0.7176389489313127,0.21059663785751273,1.0669773782076122
trucks_12,21,12366,480.0,12,13300.0,1662.5,41.729781208276506,0.5530944650253499,0.9312358773453638,3.3928854297285564,8.939916097258038,133,0.6421750362987065,0.8771155894682892,3.6642963910173743,3.1214744684397386,0.08374122905542149,0.8164427054933374,0.42706814110606856,0.837310034173904,18.39296514174709,0.8559165381664702,0.29717454439399876,2.1989613423991528
trucks_12,22,12367,480.0,12,12900.0,1612.5,42.59841224559794,0.5444149985538876,0.9245659434587802,2.8702372023512503,11.428935061170838,129,0.6134941244534848,0.8438733795743564,2.748341051443745,2.9921333532587555,0.08162576661235166,0.8069279273882165,0.4320440449617546,0.8325925201219282,17.965119229791174,0.8049604342488751,0.17922477498880654,1.3638469563209183
trucks_12,23,12368,480.0,12,12600.0,1575.0,43.72321523030792,0.534512847242058,0.9209884264060023,2.8819862866984804,12.753099860875025,126,0.6295090845927581,0.8071263125542286,2.9794704430887164,2.7845021303082444,0.07670953796801465,0.7876653069998442,0.42040880486092713,0.8028761816653411,16.42203170265736,0.7819582451195664,0.19148603671213096,1.3199836392818538
trucks_12,24,12369,480.0,12,12600.0,1575.0,43.48829594414281,0.5343120571325192,0.9239343378528523,2.805093395392836,13.063448618164829,126,0.6131953247082902,0.8318786182298934,2.913095983603901,2.6970908071817714,0.08066258765715427,0.7900160118295816,0.4181157882172391,0.8038621711976205,17.04058559788295,0.6478765011675361,0.15148082930327,1.136987305942453
trucks_12,25,12370,480.0,12,12600.0,1575.0,43.68170948039964,0.5325895132395864,0.9337765386428284,3.0194773204942127,12.23878114201209,126,0.6135288105541032,0.8037429400925065,3.39498415817983,2.6439704828085957,0.08386043451371812,0.7953451710136463,0.4172103901451905,0.7993252062232155,18.200266092854665,0.8293825463937968,0.1876659686036868,1.4035280704159294
trucks_12,26,12371,480.0,12,12800.0,1600.0,43.26807184304852,0.5402381770542342,0.9368334724009806,2.9783730092898004,12.524426976115516,128,0.6316187009373984,0.8546493164886014,2.9271903486045154,3.029555669975085,0.07824147023532615,0.7990422074573965,0.42331554305769825,0.7949412084382044,17.190063616907448,0.7052473119330884,0.1554276325359397,1.0557724017216337
trucks_12,27,12372,480.0,12,12800.0,1600.0,42.986479088457145,0.5378235785983285,0.9402477277879174,2.719182182864567,11.929680007342295,128,0.5911441568325285,0.8408822090719318,2.477740034253037,2.960624331476097,0.07876431190016842,0.8060399799626059,0.4087350079550262,0.8317971530019439,16.394254963034655,0.8696243699238452,0.27635490121627565,1.3018041246739653
trucks_12,28,12373,480.0,12,13200.0,1650.0,42.0786492845524,0.5471333258499512,0.9320691311303866,3.0013352813909533,11.204395149867105,132,0.6388801409672421,0.8509430413907498,3.3110056457373886,2.6916649170445175,0.08116428016411584,0.808096344334428,0.43374995705088065,0.8329790292742031,17.71828112108661,0.7669379179344727,0.22113027590709247,1.4465752539921037
trucks_12,29,12374,480.0,12,12800.0,1600.0,42.988109886989555,0.5433626916629598,0.9276986649364595,3.0939903676227534,11.7685455799264,128,0.643628299031487,0.8586263502757642,3.153593381482839,3.034387353762668,0.07694977527690151,0.7919516646553791,0.4187154146929807,0.8133261122727653,16.405513235923525,0.7077930175446758,0.1674686825060488,1.4397479853679558
ramp_upgrade,0,12345,480.0,8,12000.0,1500.0,31.03919269173655,0.7463606635097733,0.8874185965170418,2.982493062609463,2.4481640545995362,120,0.5980088007479049,0.792772103682608,3.263200620524427,2.7017855046944987,,0.7338571369335133,0.3984226270686287,0.72884363112486,,0.602910166820481,0.18507973975067166,0.8704618737775489
ramp_upgrade,1,12346,480.0,8,12000.0,1500.0,30.89905828835963,0.7375642287973726,0.8778212535982579,2.6084960849129386,2.7455987642968207,120,0.5663183026605166,0.7685097311246063,2.8977743064692354,2.319217863356642,,0.7320038410873219,0.3901351885876279,0.7431450776264428,,0.6720556449781466,0.15452608091868805,1.0379419519740207
ramp_upgrade,2,12347,480.0,8,12100.0,1512.5,30.664592604511885,0.7483019260327455,0.8746164347028684,2.5225918171846287,2.2288987239608495,121,0.5669313921471361,0.8155686843469506,2.339377972851029,2.7058056615182284,,0.7463001343534916,0.3877279984266442,0.7754961860717923,,0.5920960682683383,0.13015547071513603,1.1888097364326504
ramp_upgrade,3,12348,480.0,8,12000.0,1500.0,31.210869945987806,0.7319169781174553,0.9034291794232486,2.201510087003549,3.1075247207755305,120,0.5380405357613774,0.7439218391262481,2.1680174540991737,2.235002719907924,,0.7372055359588694,0.39103998793410155,0.7311749204336377,,0.6607673508146926,0.09627411133691138,1.2106415065539786
ramp_upgrade,4,12349,480.0,8,12200.0,1525.0,30.594455470301963,0.7411631800079346,0.8594316462618633,2.5263057047749227,2.1817755854801906,122,0.5667167197324786,0.7834363555617846,2.4305770364569566,2.6220343730928883,,0.7469654343421706,0.3717891845597914,0.7812828742141994,,0.6081880980224712,0.13021842366761352,1.270552870199783
ramp_upgrade,5,12350,480.0,8,11900.0,1487.5,31.32046530661196,0.7373999096198571,0.9056157594863721,2.2108056010200943,3.3364068813891428,119,0.5492063748910684,0.7924192170402732,1.800234805320884,2.6213763967193047,,0.7272498242235387,0.3709498025524162,0.7488875023303871,,0.44385322248143083,0.11514877516891782,1.1738118796826273
ramp_upgrade,6,12351,480.0,8,11900.0,1487.5,31.232391208926998,0.7322985593497287,0.8771994710115424,2.3152721943067545,3.1020476004466824,119,0.552063918125193,0.7499258240506415,2.087442590959634,2.543101797653875,,0.7268782654159722,0.3909938615778208,0.7262430176311899,,0.5764145484428032,0.11837554012541252,1.1883368458740176
ramp_upgrade,7,12352,480.0,8,12100.0,1512.5,30.690962011646292,0.735254350535424,0.879910732272829,2.324777961428861,2.686996967193778,121,0.5448268864601473,0.7480252955037797,2.5004478600248734,2.1491080628328487,,0.7541820837004736,0.3682705197160816,0.7713126663831397,,0.5715839633041152,0.11561878249621754,1.3815389941014131
ramp_upgrade,8,12353,480.0,8,12200.0,1525.0,30.449261818191744,0.7485534438359918,0.8647968399241409,2.7157222329506396,1.8840703397523078,122,0.5877072985490908,0.817016455937064,2.499235384740923,2.932209081160356,,0.7513258719989542,0.37843074324056014,0.7733351770679419,,0.5248014528086051,0.12159002167149219,1.2700616323826184
ramp_upgrade,9,12354,480.0,8,12100.0,1512.5,30.59846181711049,0.7442106580756531,0.8648092885929192,2.560553120852817,2.277363628465307,121,0.5559204037927477,0.7745242418559515,2.1030501416920275,3.0180561000136072,,0.7599807636513746,0.38251078942750083,0.7581966220105226,,0.6339468169179477,0.17502101394718717,1.0313907001754927
ramp_upgrade,10,12355,480.0,8,12100.0,1512.5,30.870295511317575,0.7428102971305659,0.8657918154100614,2.8643573450091346,2.25486966246066,121,0.5829463547172029,0.7889054236578305,3.067309463307104,2.661405226711165,,0.7390536696766651,0.40119388630421715,0.7393158204316269,,0.6530746437817027,0.21019752196164074,1.045721833568249
ramp_upgrade,11,12356,480.0,8,11900.0,1487.5,31.11692715156531,0.7413443386631977,0.9040375406646763,2.550977065160314,2.82004952690887,119,0.5916446709816986,0.7619323747517693,3.2242594398871183,1.8776946904335103,,0.7376364141618031,0.38312784037018244,0.7432240465115659,,0.5883281894061481,0.1275226646329276,1.1678991973717407
ramp_upgrade,12,12357,480.0,8,12100.0,1512.5,30.836823787509232,0.7397507294214638,0.8698174441745931,2.698237710395293,2.410746433735307,121,0.5716711689934585,0.7640748058089475,2.5625683916828694,2.8339070291077166,,0.738981099221986,0.39476516726554056,0.7529805490635905,,0.5521524775439296,0.05237821980425361,1.2612834046530097
ramp_upgrade,13,12358,480.0,8,12100.0,1512.5,30.643801689210793,0.7492203081648547,0.8977472433063853,2.0909353522530694,2.8604570982348396,121,0.5798683762944035,0.7844235087477921,2.2571963467235947,1.924674357782544,,0.7524856617691921,0.38416671280666986,0.7622409345906686,,0.5051663272945573,0.1707940459477246,1.2071590291558905
ramp_upgrade,14,12359,480.0,8,11800.0,1475.0,31.45859192625918,0.7352906121546936,0.9052187217168964,2.2106385850778287,3.3797194263351886,118,0.5879362450656308,0.7376912713178189,2.0464541495361384,2.374823020619519,,0.7296578231016124,0.39847083814825796,0.7158285093514816,,0.6147761183878309,0.10351338918867095,1.021246116249548
ramp_upgrade,15,12360,480.0,8,11800.0,1475.0,31.471626863669,0.7272805855658775,0.8607482330449621,2.5976167217620594,3.1346919803270468,118,0.5633202149863118,0.7300336941482379,2.5282522900620674,2.6669811534620513,,0.730439647933579,0.4012210087886497,0.7118183141361375,,0.6282188885253547,0.267434766231407,0.9909423577185152
ramp_upgrade,16,12361,480.0,8,11900.0,1487.5,31.077482655020365,0.7304985149460431,0.8512977890203167,2.5517005288170918,2.5841366165884754,119,0.5535469810376374,0.7610882494284216,2.5273872079785855,2.5760138496555975,,0.732685480406457,0.38486101311692733,0.7547038204506245,,0.6988538487592525,0.08611292880591122,1.2886532082252635
ramp_upgrade,17,12362,480.0,8,12000.0,1500.0,31.038772203272387,0.73588723476369,0.8670638224517228,2.633528075436826,2.4566936341626873,120,0.569391303581762,0.7590344400156098,2.4202293805708934,2.846826770302759,,0.7419783111688805,0.3893153709862727,0.7553782147249205,,0.6711884498479022,0.07232098008499677,1.1708540079801693
ramp_upgrade,18,12363,480.0,8,12300.0,1537.5,30.299288997733807,0.7480272856224874,0.8620666457760066,2.734708377406459,1.9525487809145778,123,0.581213092766369,0.7560077879726675,2.5256208792534003,2.9437958755595175,,0.7558677639336735,0.4034962202472036,0.7570961915321415,,0.6182769911085714,0.17141260728809335,1.1163589899489776
ramp_upgrade,19,12364,480.0,8,12200.0,1525.0,30.505546237952764,0.7484779740971145,0.8949089157029665,2.5381068346518845,2.418228479294144,122,0.5592473664954168,0.7888907186713612,2.2688280664934926,2.807385602810276,,0.7452351961255604,0.3986546643458117,0.7572245582665226,,0.49246918888898117,0.2057960967632454,1.1012123670756178
ramp_upgrade,20,12365,480.0,8,12000.0,1500.0,30.907526309932305,0.7446283824654216,0.9044263593924587,2.08538811302591,2.859822219481883,120,0.5698762585177519,0.7775838953507282,1.8158893272536465,2.3548868987981733,,0.7395098436531077,0.3890602401203239,0.7511257762333237,,0.6172336479459702,0.1818978785143984,1.0986662427239786
ramp_upgrade,21,12366,480.0,8,11800.0,1475.0,31.377814793478098,0.727280196675542,0.8981706640437749,2.4167146290805253,3.5170687481168192,118,0.5542272603232264,0.745553268131361,2.264129917156499,2.5692993410045513,,0.7261388642866796,0.3784107954278831,0.7262099426978633,,0.5413203335056059,0.08565607682607608,1.0618835614984379
ramp_upgrade,22,12367,480.0,8,12000.0,1500.0,31.16601893844908,0.7368890926046108,0.8665366100293174,2.8568788525503352,2.5236366644274,120,0.6059428053094419,0.7563112389351662,3.2485466239323624,2.4652110811683086,,0.7364331190265642,0.3704392116594757,0.752016866219151,,0.5758973902338783,0.12409271572057462,1.262518208883547
ramp_upgrade,23,12368,480.0,8,12000.0,1500.0,31.045985526326163,0.7429065759990787,0.8637234326255921,3.037142210302595,2.327610898334384,120,0.589288138080057,0.7741276948255542,2.854029684357157,3.220254736248034,,0.7345188703907796,0.4011654513830119,0.7359220819236305,,0.5518719071721142,0.08015666466829398,1.035456173978797
ramp_upgrade,24,12369,480.0,8,12000.0,1500.0,31.108459040746602,0.7296236496622809,0.8664854674426088,2.8822423113792626,2.715607139721578,120,0.543103899604425,0.7726238470965582,2.766288689566149,2.9981959331923758,,0.7366585460212212,0.36922875200045974,0.7555051531266341,,0.6152030260831893,0.06480835652864467,1.0914912098076035
ramp_upgrade,25,12370,480.0,8,11900.0,1487.5,31.391527731367745,0.735349277307998,0.8488624383309085,2.949035831329546,2.5414868438133906,119,0.5879291988650747,0.7700386492692789,3.0789112708877684,2.819160391771324,,0.7296750075475775,0.3932052816222486,0.7395195035523171,,0.5529728775116959,0.22307827347737214,1.1727295704428067
ramp_upgrade,26,12371,480.0,8,12200.0,1525.0,30.381369903659696,0.7449190842366762,0.8633929795081078,2.700400284325933,2.287953398697136,122,0.5785432247779314,0.7495302007675306,2.9735010412870326,2.4272995273648337,,0.7452550434424128,0.40651373623639114,0.7507343023325155,,0.5544876473957446,0.18232030195206195,1.1914400389806556
ramp_upgrade,27,12372,480.0,8,11700.0,1462.5,31.74617269134303,0.7264297127952338,0.8555542828052753,3.2058629308523923,2.683035229421193,117,0.5971023695878251,0.7578040148257603,3.880019941728339,2.531705919976445,,0.718376641789595,0.39965977895752614,0.7129796192740739,,0.6203172619371711,0.1983943545611111,1.12889316241431
ramp_upgrade,28,12373,480.0,8,12000.0,1500.0,31.090547295501317,0.7404681729396401,0.9083324815868945,2.641215681816232,2.977370963988997,120,0.5871253020233459,0.7597344459268743,3.115513067528677,2.166918296103787,,0.7346021118163518,0.3901591881060896,0.7275581787537949,,0.5656018151561099,0.16031466286374124,1.0084036800430456
ramp_upgrade,29,12374,480.0,8,11800.0,1475.0,31.233946119537695,0.739047645709721,0.8455475704932478,3.181828713582585,2.123719035697137,118,0.6080726564479281,0.7766753345094167,2.9548615262572104,3.4087959009079594,,0.7260126394980297,0.4089388520828975,0.7160031669489707,,0.555256595347563,0.2124881264969869,1.0942892272449947
crusher_slowdown,0,12345,480.0,8,6600.0,825.0,54.71034218830121,0.4854530173962379,0.9474550224607902,0.37902423915453,25.49951565531084,66,0.3223561928117943,0.42635917955768865,0.141026589215536,0.617021889093524,0.054021560831727,0.41955790189916276,0.22105250638078627,0.43131807805526584,11.090916540456439,0.2777760259970891,0.0,0.37927245032895296
crusher_slowdown,1,12346,480.0,8,6600.0,825.0,54.88920604624663,0.4910444502744842,0.9405227966231375,0.44268371082154107,25.308289597724375,66,0.3611927332647246,0.42798720327317136,0.26014832685271017,0.625219094790372,0.054926850214753624,0.41895409404643313,0.2293806581527828,0.43763722623404083,11.194236271945195,0.27087688169407426,0.053358968204923085,0.42886045311147275
crusher_slowdown,2,12347,480.0,8,6300.0,787.5,57.27726437263428,0.4745200671290652,0.9396274263617604,0.5635993504806455,27.067508930881885,63,0.307166557408489,0.45564280040366956,0.013274193266405592,1.1139245076948854,0.05119713368711492,0.40098458681322346,0.21192376080778494,0.4230149033379363,10.287476330017842,0.2653642686960515,0.0,0.42820445969975396
crusher_slowdown,3,12348,480.0,8,6400.0,800.0,56.66294757377918,0.4765842664429561,0.9411673596940274,0.25185941755908997,26.96658892265811,64,0.28296135831144426,0.4771104080114501,0.0,0.5037188351181799,0.05468406432125819,0.4050609150907841,0.19054703648368385,0.4545686292609235,11.182751522999657,0.25181543953518165,0.0,0.4665017190398028
crusher_slowdown,4,12349,480.0,8,6700.0,837.5,53.89667033486667,0.49494275352443406,0.9438640960812854,0.519700533477329,24.56246157360898,67,0.32351995901133324,0.4631840142090444,0.2181959865919248,0.8212050803627333,0.05291149132970081,0.4240180924887647,0.22924972062605833,0.44660035894426675,10.588819829207125,0.27209146010554597,0.0,0.3045885080016265
crusher_slowdown,5,12350,480.0,8,6400.0,800.0,56.02055604958565,0.47765031739590375,0.9431625301282779,0.4969197538174338,26.53892916284929,64,0.3128552677885567,0.4283759385882398,0.14247542085562218,0.8513640867792455,0.05033168880625621,0.40889157785894464,0.21375986679394413,0.4302683007768567,10.143741946364672,0.3098722660020418,0.0,0.34155198354840066
crusher_slowdown,6,12351,480.0,8,6500.0,812.5,55.6854293175193,0.4836064839299025,0.9477153369006325,0.3740080074629053,26.322904651446965,65,0.30502610758446147,0.4610660310461202,0.3436907300157447,0.4043252849100659,0.05735416658114605,0.4195702142201136,0.20956918004022987,0.44608083337344256,11.920198718932426,0.2132779554430619,0.0,0.3717295619142969
crusher_slowdown,7,12352,480.0,8,6600.0,825.0,54.71440342699955,0.4860101522307604,0.9459233871939575,0.44957174284270734,25.178537043160507,66,0.30550949331312083,0.46860904987370494,0.14756530840908735,0.7515781772763274,0.05211059301058896,0.4169038603159214,0.19866996163993308,0.4554940174045443,10.608226975871194,0.29366703237791936,0.027605462674323823,0.5316868140044522
crusher_slowdown,8,12353,480.0,8,6700.0,837.5,53.968428466604934,0.49504149347028203,0.9400609806825417,0.5783645915936656,24.532827990653793,67,0.3126462452056516,0.4845516628775797,0.12412747934525233,1.032601703842079,0.052846153079563404,0.4288915009887549,0.21801609274094239,0.4604234617051454,10.921674225163626,0.1858079174962279,0.05663265148720477,0.3499751075782853
crusher_slowdown,9,12354,480.0,8,6200.0,775.0,58.07698873827981,0.47360140112480265,0.9480193032557681,0.3242176742414301,28.070692491662662,62,0.33006281747026966,0.4168224059102907,0.08209057982783406,0.5663447686550261,0.05398388677769126,0.3970422903459732,0.22830626295882922,0.401674324139438,10.891992582740219,0.2349812421788793,0.07015871225119,0.36253420558931987
crusher_slowdown,10,12355,480.0,8,6200.0,775.0,57.96962005579744,0.46809696667192635,0.9372901274014673,0.26135414726385703,28.211181689335966,62,0.3054605452474812,0.4105370857867835,0.0,0.5227082945277141,0.052368380792977634,0.4018253152514438,0.21005554940581128,0.41190200068512345,10.427216830075643,0.25122196440705236,0.04335582380349554,0.4330583186399902
crusher_slowdown,11,12356,480.0,8,6300.0,787.5,57.73495454829112,0.4742329260107121,0.9565671346851008,0.22552100413192244,28.016995562585763,63,0.3042388004380048,0.4486481682808331,0.0,0.4510420082638449,0.052611495720811655,0.4011726675076071,0.20172569118226794,0.4231270607869341,10.99183363845825,0.23469280119692632,0.0,0.44116528183062337
crusher_slowdown,12,12357,480.0,8,6400.0,800.0,55.83621465186734,0.4826423417399318,0.9468747930735237,0.3005873436899061,26.33652867100575,64,0.31694386078233994,0.46051325746763955,0.1183306213791931,0.482844066000619,0.05274229783441,0.40821141362347374,0.22075288700612783,0.4160962812922876,10.600051595352546,0.21838004994992063,0.012152556353594393,0.3758797997998719
crusher_slowdown,13,12358,480.0,8,6500.0,812.5,55.43482184550009,0.48223730956003596,0.9468295366450872,0.2144466088874455,26.21841592372447,65,0.3083524524135285,0.4589266341845049,0.02514828989446404,0.40374492788042693,0.05413288021984266,0.4151314808037382,0.20159805679379883,0.44590668400776884,11.280278443289786,0.29381523288627925,0.02979060988091349,0.3775281628198465
crusher_slowdown,14,12359,480.0,8,6400.0,800.0,56.563126377748475,0.4782612707981365,0.942871104506635,0.40260013150800633,26.75324364722626,64,0.30969840377021635,0.4287966206292689,0.05035574762483435,0.7548445153911784,0.053489620574106646,0.4120222373145244,0.22813572501166146,0.41365762742023066,10.81756885749041,0.3194565801963547,0.04214250593128593,0.24562248940938022
crusher_slowdown,15,12360,480.0,8,6700.0,837.5,54.41594096707172,0.4906211490001374,0.9484170161068828,0.47750697523699803,25.149981099620497,67,0.3154301743361498,0.47304703002484577,0.18552288950177567,0.7694910609722204,0.05049792074838286,0.42569096875348933,0.2141306163258522,0.45687864704993575,10.614882705892208,0.2532444153421266,0.04022700287747119,0.30372836657874663
crusher_slowdown,16,12361,480.0,8,6400.0,800.0,56.40436396088748,0.47955823875765896,0.9393158771724651,0.385889247639101,26.699352700959523,64,0.3112926745806426,0.44664750468238684,0.0,0.771778495278202,0.050466331933135336,0.402273355080384,0.20828741816876786,0.4344048636883337,10.153717607725488,0.2364706631802695,0.038908502279758936,0.4400840068454173
crusher_slowdown,17,12362,480.0,8,6500.0,812.5,55.16470915962009,0.4845346024097521,0.9377955245134179,0.3920355422084028,25.737493758847936,65,0.3209229258815537,0.4530731712801462,0.07735128122168171,0.706719803195124,0.05271118435215463,0.4173898427923683,0.2126829165555088,0.44981036416841463,10.752228747890825,0.24773027665447978,0.0,0.3598890997139453
crusher_slowdown,18,12363,480.0,8,6400.0,800.0,56.53229842882947,0.47868848785990503,0.9467787297412686,0.5350680096392469,26.623255513069154,64,0.3214980252012142,0.446647442159763,0.0,1.0701360192784939,0.05357199502926104,0.4108470329644315,0.2108875939711724,0.41262465209686194,10.863486720871833,0.26293628096508087,0.0475693963865839,0.27571034976400477
crusher_slowdown,19,12364,480.0,8,6600.0,825.0,54.53816783316089,0.4900128608966847,0.9376748412698778,0.3493967747266261,24.97511281454626,66,0.29885084860384137,0.4977545795410174,0.08705033991591872,0.6117432095373335,0.0530272782965564,0.42590151594858383,0.19841626497964426,0.46110515453805156,11.24785680139286,0.2642939142307629,0.0,0.466701068703943
crusher_slowdown,20,12365,480.0,8,6400.0,800.0,55.69355717400135,0.48099525494876416,0.9383332262552369,0.3918286867374321,26.15502804423248,64,0.32567080827327183,0.4293440913183458,0.12003641038310538,0.6636209630917588,0.054724457567384165,0.40938702293401014,0.2216956791037436,0.425704572367732,10.660047680871223,0.24512044802526273,0.0,0.4395867299404924
crusher_slowdown,21,12366,480.0,8,6700.0,837.5,54.041473367955184,0.4917793253586015,0.9420293249087142,0.4347386048412504,24.70441267746586,67,0.33463884148652573,0.4519775459949521,0.06972354208385695,0.7997536675986437,0.05557245581275632,0.4257716632859851,0.22645491818652086,0.4411788257923273,11.23074281807665,0.22437426789908346,7.48450799298439e-05,0.3720984514705135
crusher_slowdown,22,12367,480.0,8,6300.0,787.5,57.48590095844104,0.4718265111726848,0.9457704139800389,0.4587286768457466,27.434885268920603,63,0.2889319810241174,0.43609843893527533,0.08770578911459444,0.8297515645768987,0.0523539534666031,0.40037198816871444,0.2121499618851541,0.42758498636927167,10.987911385653756,0.2919486631156222,0.0,0.3903938389334393
crusher_slowdown,23,12368,480.0,8,6600.0,825.0,54.83583049513985,0.48931730351070973,0.9482735402459695,0.40793298131223676,25.205799768561324,66,0.3201247046207751,0.43381202070751806,0.1612627342921565,0.654603228332317,0.056580171243976615,0.41813420788543565,0.24272398063636527,0.4248547961667183,11.608703754042626,0.2770741548691967,0.009364068553028532,0.360445838894063
crusher_slowdown,24,12369,480.0,8,6500.0,812.5,55.30965512999483,0.4868954140564715,0.939297430817353,0.5357228418454463,25.540819444996707,65,0.34703269624984173,0.42759807136095423,0.25086296401820035,0.8205827196726921,0.05732357760479643,0.4121258448918366,0.2366356807704498,0.4107783926493787,11.263787901766925,0.27975567823575304,0.0,0.28158395555041615
crusher_slowdown,25,12370,480.0,8,6600.0,825.0,54.645121646701384,0.4943178069504529,0.9386297729164582,0.5094559791494785,24.979085907359057,66,0.3201600378264272,0.4816018972072466,0.03946554231745569,0.9794464159815013,0.050886689189891914,0.42330755384842916,0.22265567884032186,0.44248437261675977,10.806904327350082,0.25783281967056765,0.04640647439156235,0.32514459268854873
crusher_slowdown,26,12371,480.0,8,6300.0,787.5,57.53320184008103,0.4709611567395311,0.9519641609430828,0.28937634377280835,27.743583032763034,63,0.31401818486569755,0.4292609592914639,0.009221748758891866,0.5695309387867249,0.05089245867000702,0.40008031964828294,0.203692080169912,0.41391028069934016,10.186111809235525,0.3118680429514371,0.0,0.4038176481555169
crusher_slowdown,27,12372,480.0,8,6800.0,850.0,53.01470393687649,0.5011270576889582,0.9417329691659988,0.5252873323218907,23.437647063298055,68,0.33695259265730493,0.4711819847927588,0.1394237999005702,0.9111508647432112,0.051085490336011924,0.43690093794580664,0.2378811234252493,0.4527687106519724,10.52410627963027,0.32380349104513495,0.028614615275864244,0.4409815591816043
crusher_slowdown,28,12373,480.0,8,6500.0,812.5,55.15953840227541,0.48578467796886016,0.9448379060553247,0.3243835803326408,25.643128971110542,65,0.31328081494062526,0.4655005923450684,0.08611121488610489,0.5626559457791768,0.053356064466351265,0.4178983233705954,0.216249264931821,0.43090163426067485,11.46597408105453,0.23807881578148238,0.0,0.3620753039475475
crusher_slowdown,29,12374,480.0,8,6400.0,800.0,56.140480301057465,0.47852725662029133,0.9403997633345672,0.3106553153625004,26.66771882824573,64,0.3063732774924898,0.4313280434634153,0.0,0.6213106307250008,0.0519998869161195,0.40317572337520907,0.21680566307191398,0.4376152971307344,10.454694611429996,0.28303194016808636,0.004718262121331193,0.36937623192515284
ramp_closed,0,12345,480.0,8,11700.0,1462.5,31.480025482980412,0.7418996139355336,0.882689993948306,2.569249803047806,2.7213416488933055,117,0.5669679257270125,0.7442551360200172,1.8471357521081195,3.2913638539874923,,0.7230983470004144,0.4126362571190792,0.7171149272703189,,0.6788135531696693,0.17763374394020331,0.8786279767946406
ramp_closed,1,12346,480.0,8,12100.0,1512.5,30.83453082179545,0.7430521900405378,0.8608900966144927,2.6849447578522283,2.4996078591385174,121,0.5941609650304838,0.7289274146363811,3.1147978332274593,2.2550916824769973,,0.7361095478613944,0.39784611346038307,0.7317267164660649,,0.6022413282955951,0.20338008486469583,1.1617576848975588
ramp_closed,2,12347,480.0,8,12000.0,1500.0,31.217697216069446,0.7494419402118215,0.8861663331216116,2.368464908915816,2.882538906400196,120,0.5807831475055045,0.7927427709436661,2.2504079126468537,2.4865219051847784,,0.7229569993956144,0.38189185217169325,0.7572421288567401,,0.4800629591744833,0.13867139298120212,1.0792737540368045
ramp_closed,3,12348,480.0,8,11900.0,1487.5,31.417616417130567,0.740493641137012,0.8773054329869077,2.5217099408776873,2.8029481426964087,119,0.5512728541176933,0.7751569201306132,2.4018226798653863,2.6415972018899883,,0.7308820992967607,0.38196134505865004,0.7381343227428973,,0.5704075076684155,0.1442144026466789,1.1254410506018377
ramp_closed,4,12349,480.0,8,11900.0,1487.5,31.476403784075583,0.7356360427725186,0.867141693121047,3.3806388452185727,2.2518842782605777,119,0.5745358092526821,0.7728420626490168,3.301430127746578,3.459847562690567,,0.7215609099296857,0.3860604511653649,0.728919288458314,,0.5183757778458102,0.10219208508750183,1.1023678972433981
ramp_closed,5,12350,480.0,8,11900.0,1487.5,31.204129762727646,0.743658460469331,0.8667278751557539,2.817350168924998,2.441707801188686,119,0.5689173659029745,0.786031953709592,2.9427614055832367,2.6919389322667584,,0.7303859940748835,0.38968040731081266,0.7371250227836869,,0.5555470912110706,0.12770206763092715,1.122616480163889
ramp_closed,6,12351,480.0,8,11800.0,1475.0,31.52330244327246,0.7361909920381732,0.8708986408831458,2.647012167206146,2.932255496976378,118,0.5506157788967012,0.7527738628275314,2.617829043733846,2.6761952906784465,,0.7278497670728196,0.39475031833537294,0.7205254471216147,,0.5368576239261345,0.19146796788560824,1.1243412357762392
ramp_closed,7,12352,480.0,8,12300.0,1537.5,30.371823378142764,0.7532864060077968,0.8386872136825382,2.773768557716333,1.819051718026423,123,0.5553996512858803,0.8059328165559896,2.318150126919021,3.2293869885136455,,0.7561064691862629,0.39406245098034154,0.7667498045476366,,0.5303281822066446,0.19239102607348052,1.0999806792451636
ramp_closed,8,12353,480.0,8,12000.0,1500.0,30.74540900501473,0.7485405676122723,0.8774452946905619,2.4306753631115843,2.4099856160525728,120,0.5840437445951782,0.7661231357572382,2.3479770505231428,2.5133736757000253,,0.7464770590672849,0.3916322459287484,0.7382032094316976,,0.5880926943979103,0.16909952289519,1.1955131948664561
ramp_closed,9,12354,480.0,8,11700.0,1462.5,31.590529562144564,0.7298163957232269,0.8494484512143532,2.475022163058435,2.8902595097022883,117,0.5610645944820866,0.7290892118218809,2.665834021218345,2.2842103048985245,,0.7297223437473497,0.3705477504702447,0.7423966540858208,,0.667184910799476,0.0696114885977955,1.3455815134349478
ramp_closed,10,12355,480.0,8,11900.0,1487.5,30.96328275023583,0.7451555300530294,0.8757832174155191,2.3239724500741343,2.85094067452229,119,0.5715929087638603,0.7784660364440341,1.988711964924616,2.6592329352236526,,0.7284597232587715,0.3925771327516526,0.7291215293183676,,0.5643571016366942,0.1725131306169013,1.015184535991839
ramp_closed,11,12356,480.0,8,11900.0,1487.5,31.284236117319782,0.7403417611590362,0.8686597047822631,2.498127375421475,2.9313485156531716,119,0.5693226444582404,0.7229762277694934,2.4306625197349305,2.5655922311080195,,0.7430065525461635,0.40764722312779245,0.7268787076351787,,0.5750849649976923,0.21640740343137718,0.9997276876601117
ramp_closed,12,12357,480.0,8,12000.0,1500.0,31.03228856971005,0.7499611006403877,0.8758883164231303,3.010785072994402,2.0332291325429264,120,0.5943021818677443,0.799242035742278,2.7720284036391987,3.2495417423496056,,0.7352052720052138,0.38665487695872497,0.7422923366291018,,0.6071214415518228,0.11154819268509542,0.967908170419344
ramp_closed,13,12358,480.0,8,12200.0,1525.0,30.414692890000374,0.7530224224967865,0.8695833873133072,2.3191746900889396,2.087077027301546,122,0.5467815713258494,0.795816314837323,1.9443361185520278,2.6940132616258516,,0.7582638928234144,0.38627004388154884,0.7674120589085418,,0.6032790662761618,0.17279752140286564,1.2074523319158212
ramp_closed,14,12359,480.0,8,11700.0,1462.5,31.719759486342387,0.7296172120950377,0.8845955955172528,2.157123393240088,3.607827633020925,117,0.5528102942951523,0.7377521534521598,1.9202035711149832,2.394043215365193,,0.7181601935377472,0.3747005339791636,0.7312176899447805,,0.540122725502619,0.18288976826745593,1.1540207888138283
ramp_closed,15,12360,480.0,8,12000.0,1500.0,30.8095397983575,0.7548868780844598,0.8797059476225201,2.441981525256091,2.2875403570930386,120,0.5973364571018772,0.769465740485499,2.4956114075349674,2.3883516429772143,,0.7439091786041401,0.4197856774994631,0.7194080164526951,,0.6477546810872319,0.15315171324768745,1.0365007205271264
ramp_closed,16,12361,480.0,8,12000.0,1500.0,30.916454524588744,0.7403205968577586,0.8850469277623076,2.238618558457929,2.7161133030569498,120,0.542733038925509,0.7587098607707429,2.035950763402556,2.441286353513302,,0.7359330670829608,0.3811151894409363,0.7474876588554068,,0.6418017570975131,0.09696966945361482,1.1967141580846894
ramp_closed,17,12362,480.0,8,12100.0,1512.5,30.910856832848722,0.7470918814592173,0.8674205621641219,2.694669642008457,2.36091911316195,121,0.5762554742983167,0.7709004229836444,2.8222143275084535,2.56712495650846,,0.7444449525376216,0.3922333837908552,0.7397740216894712,,0.572350307599621,0.12021712685650301,1.1322846474782486
ramp_closed,18,12363,480.0,8,12000.0,1500.0,31.147204998298086,0.7434716798915395,0.874201401044696,2.6118023263755976,2.6326890766155175,120,0.5900346026927378,0.7539618965066899,3.1034456997366453,2.1201589530145495,,0.7347528504576869,0.3936499645585278,0.7453691897185507,,0.5074683606336522,0.14055554555343805,1.2997293942358235
ramp_closed,19,12364,480.0,8,12100.0,1512.5,30.54783251684107,0.7548087203653427,0.8563318247523873,2.766174866798525,1.8849811884263317,121,0.5964533577466441,0.7953232271121053,2.8967339451109124,2.6356157884861378,,0.7428350770132194,0.39876505812656104,0.7499069032348252,,0.693759673273295,0.11798510732898909,1.032089073468834
ramp_closed,20,12365,480.0,8,11900.0,1487.5,31.34534926613771,0.7450133770203415,0.8773268156765982,2.74067247245022,2.6085087259071122,119,0.5717343474562446,0.762313418105943,2.7558111962428704,2.7255337486575693,,0.7362717322208471,0.39685149758183785,0.7262771044440018,,0.573987324639716,0.11825690615947304,1.0149364581710176
ramp_closed,21,12366,480.0,8,12000.0,1500.0,30.925475148056915,0.7438519348505893,0.864159433806208,2.588523811809572,2.56800405035768,120,0.5605821490411947,0.7636532875382118,2.70497810577287,2.4720695178462737,,0.7323045728195333,0.3907111964880715,0.7485168215440026,,0.5260077828006239,0.10996651184536906,1.2004111733606497
ramp_closed,22,12367,480.0,8,12000.0,1500.0,31.155695466151997,0.7435482482404464,0.8726609292702314,2.322311527290095,2.7800214944529285,120,0.5612941172547443,0.7624390370135657,2.385270583600483,2.259352470979708,,0.7464610908215081,0.38841649026181246,0.7434289120505299,,0.5714944265519324,0.16267080321227673,1.1901101477659888
ramp_closed,23,12368,480.0,8,11800.0,1475.0,31.495047986919857,0.7420028644153467,0.8654353305860838,2.7959090025756597,2.48316224625184,118,0.5779574248317837,0.7682696478441137,2.971646220547469,2.620171784603851,,0.7319683407765981,0.39766228799058073,0.7294233539697453,,0.6080427823726907,0.12011108736343262,1.1484552669860828
ramp_closed,24,12369,480.0,8,11900.0,1487.5,31.068088255471654,0.7397859251287097,0.84997008379567,2.6513259092033223,2.6577739740534896,119,0.582728054968913,0.7545551760993641,2.559977641820851,2.742674176585793,,0.7240098208328649,0.3792464909942707,0.7640630099434303,,0.5256879816311567,0.17745244305768823,1.1523256517466898
ramp_closed,25,12370,480.0,8,11900.0,1487.5,31.067757313207515,0.7435751515227402,0.8488794709564501,2.5515607598771695,2.744890615336656,119,0.5674649300419897,0.7552486249366948,2.823439680861061,2.279681838893278,,0.7428944379002631,0.3799104771207119,0.7619934304269363,,0.6365962123099321,0.1668949042564397,1.0170092807489126
ramp_closed,26,12371,480.0,8,11800.0,1475.0,31.427052323480932,0.7406219148411647,0.8634155569388356,2.8993184483701455,2.660362172485253,118,0.5706642532773074,0.7714686446823009,2.4641450014917106,3.33449189524858,,0.7247945613374132,0.3974296768638658,0.7257555881517527,,0.5978295519263388,0.12540384650899547,0.8770476069283892
ramp_closed,27,12372,480.0,8,12100.0,1512.5,30.704626895635254,0.7499165330773996,0.8564382761800322,2.522430383522167,2.1057359871331944,121,0.5685272518886914,0.7730663563497528,2.223536640594469,2.821324126449864,,0.7531137393647304,0.3841529405755045,0.7548232350570472,,0.6129024288337651,0.223185050491283,1.1056050495405716
ramp_closed,28,12373,480.0,8,12000.0,1500.0,30.890833725125482,0.7407672779549465,0.8608182277685278,2.670070311997234,2.443324672846632,120,0.5611925824524601,0.7323136804113936,2.682684718674964,2.6574559053195044,,0.7387054935079871,0.3898302642063321,0.730023390752344,,0.6297273761699127,0.17708386800072748,1.1183012324882406
ramp_closed,29,12374,480.0,8,12000.0,1500.0,30.770570429756237,0.7442146401001312,0.8281252691491244,2.968611214628984,1.809452489864438,120,0.5582528403708333,0.7630192627606505,3.3809433910973805,2.556279038160587,,0.7487982382234366,0.3786400893079145,0.7696067399313387,,0.7037567292109007,0.19311175801651265,1.212734006869916
trucks_10,0,12345,480.0,10,12700.0,1587.5,36.27102879329523,0.6394703785505371,0.9365123580285355,2.4033931202727485,6.446348487541474,127,0.6017279816046218,0.8267382854067286,2.298385100755902,2.508401139789595,0.0685283714860429,0.7908778373410904,0.42212654099651076,0.7989443848974803,14.112485648016184,0.6878049327429799,0.15704215861175588,1.2303783583895571
trucks_10,1,12346,480.0,10,13200.0,1650.0,35.06042249131969,0.6464859181717875,0.9215726450843384,2.1961528233575205,5.414238735633542,132,0.6037521186378865,0.8063416847663142,2.263778412943404,2.128527233771637,0.06799093124394687,0.8071650652746031,0.43891236562871666,0.8103006661055266,14.431341908102798,0.8527019491005163,0.24180859908360616,1.4027860180048655
trucks_10,2,12347,480.0,10,12500.0,1562.5,37.067875604218365,0.6285893897210573,0.9297858080917367,2.556495130232463,7.870805976963257,125,0.6174496328323149,0.8270056758822316,2.5935147867840955,2.5194754736808305,0.06650857325481144,0.7662704110368235,0.40858173610339815,0.7857268063840567,13.716852052285962,0.6088853585619312,0.09260874347443329,0.799959846351752
trucks_10,3,12348,480.0,10,12800.0,1600.0,36.215307920167916,0.6394719189911775,0.927722101789371,2.785357291414167,6.302511606286304,128,0.6057761110061638,0.841743329617575,2.2508193322587813,3.319895250569552,0.06729686941194715,0.7927122806238022,0.42134034678623294,0.7906631462143564,14.2757096197083,0.6836000465193098,0.16085263136374542,0.9678839626056809
trucks_10,4,12349,480.0,10,13000.0,1625.0,35.73627059209165,0.6442147612624425,0.9286390432888135,3.190727365361127,4.92639516466133,130,0.6149706509978393,0.8568898179793514,3.9011293211638542,2.4803254095583998,0.06663008473887393,0.8005093792732748,0.41683811426509354,0.8303617635073884,14.225613805346047,0.7525626830819102,0.2483396553237779,1.5683884996249513
trucks_10,5,12350,480.0,10,12600.0,1575.0,36.6489917186306,0.629150497833476,0.9318009427101294,2.9842064052080244,6.686088978741366,126,0.605005858453918,0.8154637893380627,3.0934268460670546,2.874985964348994,0.06317917665035572,0.783825249520624,0.41389003492325394,0.7786268350337087,13.474757531093223,0.6507933807306229,0.18017162582549623,1.1333395606182077
trucks_10,6,12351,480.0,10,12300.0,1537.5,37.60102755606364,0.6168882175228702,0.921222512594522,2.3390522315405695,7.7698005021203285,123,0.5883585289650112,0.7977443042778188,2.403118683815109,2.2749857792660304,0.06988411210760188,0.7587508877742892,0.4010960713556965,0.7788269063980893,15.019100158775988,0.6690375416770282,0.22933128772332734,1.2630332580274275
trucks_10,7,12352,480.0,10,12800.0,1600.0,36.149005000727435,0.6381404456779202,0.9382256761674949,2.2158511944971826,6.640571684489122,128,0.6287907527703819,0.7780302650312119,2.555494151807011,1.876208237187354,0.06681192455133118,0.7931152497769843,0.4257127802687843,0.7995867087606158,14.205405741881322,0.8079036214203401,0.25460713450907835,1.1773546038287477
trucks_10,8,12353,480.0,10,12400.0,1550.0,37.126668671949325,0.6220951362985694,0.9414602599253291,2.3043183356530337,7.646584790496789,124,0.6001934131127467,0.7738709957346583,3.113886746577237,1.4947499247288307,0.0675449973594848,0.7627458278386673,0.40790663108046216,0.7913445258209327,14.849678061132446,0.6832018719891634,0.1518975913914744,1.3229087752484907
trucks_10,9,12354,480.0,10,12400.0,1550.0,37.38476887687488,0.6194025897484469,0.9365397778236816,2.1450561115406623,8.259481511203619,124,0.5693470399500474,0.799171533219107,1.9907502517537226,2.2993619713276017,0.06591272848427053,0.7634185951599726,0.40687781212160307,0.7784796444104434,14.036180448644695,0.716879055425228,0.1929777975653952,0.8909396959380438
trucks_10,10,12355,480.0,10,13100.0,1637.5,35.23714447078001,0.6496374367877269,0.9306216331283734,3.2827953713774276,5.108620434617051,131,0.6527559804080091,0.8402904517176096,3.21807094594155,3.3475197968133057,0.0664251353275705,0.7989439160874665,0.4329964711912299,0.8096864704318321,14.224170776864401,0.7314326190863741,0.16602760682776668,1.0446948854173528
trucks_10,11,12356,480.0,10,12900.0,1612.5,36.03889699478605,0.6414830980546137,0.9365522565459375,2.6197079604132036,6.473578377193299,129,0.5982698626409416,0.8523483444249348,3.0907827655820137,2.1486331552443936,0.06343124253389065,0.7913356615127305,0.4122833593017289,0.8320970231768415,13.237388541077621,0.5974553106959265,0.16040127365474904,1.2712031216556072
trucks_10,12,12357,480.0,10,12900.0,1612.5,35.74309440185084,0.6466714488663851,0.9300013907069857,3.045745290851645,5.681727331257451,129,0.6332363235837618,0.8776086827246454,3.1089220644445463,2.9825685172587435,0.06449218131126731,0.7917738760859391,0.4201537434763425,0.8230480805346652,14.385310186995671,0.5643447739032487,0.11566814668577562,1.261398698136324
trucks_10,13,12358,480.0,10,12800.0,1600.0,36.234615253291324,0.6337602504578713,0.9267899917331317,2.5662829409930676,6.722620543443837,128,0.5955144914724112,0.8243950314600018,2.954697873756403,2.1778680082297317,0.06477987045496572,0.7904686748213329,0.4011840030424173,0.8102311075823428,13.895937297744869,0.6889127800603644,0.168563199980705,1.214630665642461
trucks_10,14,12359,480.0,10,13000.0,1625.0,35.576293323029844,0.6439048843475574,0.9196728702102405,3.2430502170416515,5.677345475898046,130,0.6129913434912823,0.8689165760403318,3.1582305667240784,3.327869867359225,0.06748006841216657,0.8063124392240945,0.40574027500271137,0.8195124194121246,14.465993801116545,0.6126900354426139,0.15359354744063453,0.9776056392540299
trucks_10,15,12360,480.0,10,12400.0,1550.0,36.951415120785406,0.6272118236067808,0.9272970974043476,2.4079017636529114,7.068050719240664,124,0.5879458262050119,0.8371910643032497,2.5062086074332575,2.309594919872565,0.06600107688718727,0.7700906811559212,0.3978740435755371,0.790105730528108,13.887494315946762,0.6662103716536211,0.14060449885750745,1.3405075614396529
trucks_10,16,12361,480.0,10,13100.0,1637.5,35.33223731678849,0.6458807393290645,0.9297159025346579,2.5568485754363626,6.08818349088161,131,0.6034988662848644,0.8353550523693981,2.690616038371957,2.423081112500768,0.0665853928088048,0.8086792946845648,0.4020004977598791,0.8381282923757035,13.964255030237524,0.6133897079003261,0.10928373372081776,1.1742707349083208
trucks_10,17,12362,480.0,10,12900.0,1612.5,35.9052870606716,0.6387359543650089,0.9245631781540066,3.0222197550400893,5.372756322600337,129,0.5948761807694495,0.8569541607757948,3.3226974737189034,2.721742036361275,0.06393612362535527,0.7934713478477031,0.4169364556826467,0.815873582659279,14.020858833751523,0.7228908388029762,0.2159810463296384,1.4912190211998941
trucks_10,18,12363,480.0,10,13200.0,1650.0,35.02451842826971,0.6546749888327058,0.9269510449619376,2.969901883839995,4.711954530352128,132,0.6400125092114636,0.8457518808968533,3.201528906231131,2.7382748614488595,0.0674145998572099,0.8162252107523591,0.436819466879864,0.8159155476928243,14.903691885940356,0.8225109821329649,0.24924617815712466,1.2351074251067495
trucks_10,19,12364,480.0,10,12800.0,1600.0,36.188272590618226,0.6306571935296417,0.9309955677574127,2.6003597183747935,6.651613027736616,128,0.6195363767045503,0.7769501313383966,2.876806767325429,2.3239126694241583,0.0660523039382156,0.7857947740843022,0.4147185360984908,0.8007642986797323,13.815025174538267,0.8468554480071517,0.29439479433334026,0.9929439644475104
trucks_10,20,12365,480.0,10,12800.0,1600.0,36.00553009636667,0.6422343246116912,0.9232016352210874,2.991226741729233,5.742733419496349,128,0.6354460543647183,0.8210936178189561,3.245879222668492,2.7365742607899732,0.06697459587059514,0.7935784538395756,0.44251139923108174,0.7866939484781429,14.437730496671747,0.9012702132106463,0.23159698309399776,0.8835060805918302
trucks_10,21,12366,480.0,10,12800.0,1600.0,36.295279320851925,0.6357607380420247,0.9254196610062718,2.8981198063339964,6.18739210584541,128,0.6056815221217342,0.8299539397312493,3.4383384344021484,2.3579011782658443,0.06984085245318977,0.7910608707145311,0.40092563277032073,0.818179837269369,14.811696883650654,0.7293498931544334,0.19643756695566333,1.2198484910193081
trucks_10,22,12367,480.0,10,12900.0,1612.5,36.01139091168441,0.6407340430381183,0.9371241474542219,2.547679146893689,6.483186740982807,129,0.607152820722208,0.8281145816925073,2.9049538950494225,2.190404398737955,0.06654045591376691,0.7959888957216051,0.4098698469892128,0.8219205638827891,13.501595226052803,0.6836596601185497,0.12649131951233375,1.1690744720478832
trucks_10,23,12368,480.0,10,12600.0,1575.0,36.514995560804415,0.6356629470770774,0.93732569121668,3.151884477374712,6.196405299379495,126,0.5997781219435586,0.8434102924589101,3.132142833618239,3.171626121131185,0.06610572416987215,0.7795789314217766,0.4159982624936923,0.7981018014157866,14.26922995124087,0.5799692749975128,0.1807891549778571,1.1719998113686338
trucks_10,24,12369,480.0,10,12600.0,1575.0,36.60768860551779,0.6295274244654164,0.9306723188507888,2.5571566172923994,7.116457663155953,126,0.5993672734264129,0.8209369398287614,2.4075720692568114,2.706741165327988,0.07014686441203465,0.7758583152409652,0.42735218624239374,0.7592986525832726,16.066429080155412,0.7024185764687834,0.22935045276765945,0.8837276192251763
trucks_10,25,12370,480.0,10,12800.0,1600.0,36.0360356807106,0.6426510389080327,0.9284213304423637,3.088248319100347,5.703614551080739,128,0.5903602985472536,0.8437142591596761,2.5340548511065877,3.6424417870941066,0.06577071816783364,0.8044397109043462,0.4271399303229704,0.8029481312521232,13.635618310998733,0.7000338362019317,0.23798699729995745,0.9619017424481511
trucks_10,26,12371,480.0,10,12600.0,1575.0,36.5372251807591,0.6338177713832208,0.9263701691216524,2.7396067555163137,6.5079229367317915,126,0.6229853627322502,0.843963261959614,2.327471767427412,3.151741743605216,0.06655864700306145,0.780830908436006,0.40886853728746536,0.799173767161109,14.317614143405342,0.6333468263231931,0.19192481966138508,1.0765429115766894
trucks_10,27,12372,480.0,10,12700.0,1587.5,36.460332790441456,0.6331391040782315,0.9312490478268504,2.513769114679316,6.593465175678978,127,0.6067314194550216,0.8211318868300115,2.5767376090833065,2.450800620275326,0.06350459497846729,0.7876215769584398,0.4121060471452422,0.8089854414309411,13.417285015934514,0.6837876077445465,0.13773214566615433,1.3181331824334122
trucks_10,28,12373,480.0,10,13100.0,1637.5,35.39751694364808,0.6482622390205292,0.9377544181911794,2.9384712765109895,5.527150134328767,131,0.6197463090949068,0.8614347695753712,3.2836318674522227,2.5933106855697563,0.0646157621724607,0.8025040432783948,0.41647264735022027,0.8244823497262441,13.578379827962653,0.7819262937286374,0.20504848593325048,1.066330251073394
trucks_10,29,12374,480.0,10,12900.0,1612.5,36.01066489628094,0.6416294918124308,0.9298665246257892,3.1229924909730755,5.836019170934499,129,0.613179736432146,0.8477084687830386,3.749124736530202,2.496860245415949,0.06518724437521477,0.7972114683536318,0.412089092842078,0.8124292537372594,13.962278922228004,0.7312740187111847,0.15184721027939496,1.1408156434037564
